"Name","Guid","SharedSoulGuid","Position"
"utokNaNebakov_valley_deadAnimchar_5","be6f78aa-896a-4eaf-8f5a-215e0175d681","2730c2c4-194e-44ef-a29d-73fb280ec14b","0,0,0"
"animal_sheep_ewe","f0b9e3da-dbb9-4c8a-84a1-703e64aeab8e","43049911-d3fe-9315-b963-fb4ecc601d8f","131.6947,3835.1499,86.118393"
"ttro_man_30","40639c4d-347c-8635-cd3a-3ad96e93abb4","40fd3055-48be-a9f5-de48-0b882695cca5","0,0,0"
"SpawnedAnimal_Hare_D1B28BFF_2","9abfea6f-639e-0ee2-2aa7-20ef3bfa421b","b19979de-14fe-4fbb-ac06-893366032cf3","2176,2174.5269,117.93919"
"rvacka_apprentice_1","382be49b-4935-d768-dea9-b44d90d0c8c2","3bb64f7c-d888-454e-a165-7b9e3663d318","2389.812,2031.876,108.5312"
"utokNaNebakov_valley_soloDyingSoldier_2","11ab7010-6eeb-48cb-82e8-306e6b4a30f1","5102253b-ed24-49c3-9fee-5fbed79307cf","0,0,0"
"zaby_sheep2","429295ca-5812-217b-98c3-85a0b79d7e8a","41d04c20-bfcc-9c3d-6ba0-c90caf1a56a1","1892.421,2477.593,98.502159"
"ksed_opat","4171e9dc-3534-05c0-5350-22361e1dd685","4171e9dc-3534-05c0-5350-22361e1dd685","0,0,0"
"tpod_man_1","4ad25885-e89f-3a41-d0ef-8f6c2fa0e299","4e628918-2a38-c1ea-c786-2424123506ae","1235.5071,1555.5,60.549953"
"SpawnedAnimal_Hare_D1B28BFF_1","4f4b3fd4-a543-d693-9172-d43ae63c33c3","b19979de-14fe-4fbb-ac06-893366032cf3","2224,2180.1299,119.05022"
"ttro_man_33","4d6e0863-7bd6-aaa6-18d4-eb10f7b9b4a9","43977623-94e1-cc01-3247-e57c4a7249b9","0,0,0"
"SpawnedAnimal_CattleCow_72EA14AE_2","265ba54f-f009-1189-0ae8-c453ac692904","979a19e2-6bfe-4878-b9d1-84a20bbfd83c","2157.2629,1964.2345,94.799744"
"kkut_albik","53a13a43-abb3-449a-9121-69c6406f7a46","53a13a43-abb3-449a-9121-69c6406f7a46","0,0,0"
"tpod_jan","4da72252-d441-1dcf-94e4-783d7edfb5bd","43814bca-446b-60d8-b209-1939698430ba","1106.7375,1424.9847,10.663947"
"utokNaNebakov_valley_trackviewGroup2_enemy_5_rec","c6462805-046e-4161-aeeb-6a028e8b6968","1137c5a7-33bf-4d25-8d32-cd4071be881a","0,0,0"
"ttac_man_8","23020263-c98a-4540-af5a-00fa95df173b","fd1af8c5-c500-4add-b0b6-6c0505fe80c2","2026.91,2576.595,125.4026"
"tsem_horseForSale_2","afba3370-5c65-4e44-b015-84112376c17e","e39e9f8c-6604-4e34-90fd-4be29da50ad2","1589.156,1532.021,76.365593"
"utokNaNebakov_valley_deadAnimchar_56","1282f4dd-1b40-432d-bd0e-8d4bdce7aa01","2345eb16-9180-4d0f-9a66-678187450de1","0,0,0"
"zbranePanaSemina_bandit_7","1ef2a78a-136a-4e3e-af69-0fa78aa91e60","2f75037b-cd04-4b91-a6a9-3d8f114e40ce","0,0,0"
"SpawnedAnimal_SheepEwe_379E35E6_4","efe2757b-98b3-4a75-3e38-7d9a1601d55f","43049911-d3fe-9315-b963-fb4ecc601d8f","2193.0366,2054.2322,109.37688"
"utokNaNebakov_jesekHorse","68c97616-0351-4c5d-8c1c-a05abaa74756","df2a5a7d-c2f3-443d-b151-0e79e3d265a4","0,0,0"
"Dude","4c2dcffb-dea1-6263-72d7-b39f4db2d8b5","4c2dcffb-dea1-6263-72d7-b39f4db2d8b5","2268.624,1989.8325,101.49242"
"SpawnedAnimal_CattleCow_28062BF_1","de7def48-f8a5-51e4-0da2-e2ab00614444","979a19e2-6bfe-4878-b9d1-84a20bbfd83c","2192.6567,1927.4264,93.991158"
"prepadeni_bailiffsGroupHorse_8","c3d354d2-9d48-45be-bd13-3a06c59cf1a9","07f45abf-fcbc-4085-84f2-ca14b1888ee5","0,0,0"
"kcd2mp_0","af1c21e2-84ae-2d41-a76c-83da0b1de138","00000000-0000-0000-0000-000000000000","921.73999,1999.51,14.251001"
"tsem_man_21","435dd955-85f1-c6e6-49ad-fd20d945efbb","4072c96a-3bb5-f744-078c-8ef89203a49c","1460.8573,1564.1428,65.949837"
"zbranePanaSemina_moravak_2","fd96b3fe-ddce-4e67-9baa-e9c5020a2181","7d8738a2-89ac-430e-9629-ff3e41b8ccc4","1636.6677,1561.3562,81.450905"
"utokNaNebakov_valley_deadAnimchar_7","d7d7b73d-bbcd-4789-ab3d-0465cc752935","9652fa5e-2716-4a09-88f1-301f765f5486","0,0,0"
"tapo_ambroz","e42a57a5-e500-4389-841c-3e1abbb9e5d3","a533e777-e166-4d54-a42c-6bb3a582c4f9","2746.2041,2485.9099,118.7122"
"SpawnedAnimal_Hare_D1B28BFF_0","45da8a14-223d-eac6-51c7-453098bb66ff","b19979de-14fe-4fbb-ac06-893366032cf3","2145.6174,2177.4009,116.0808"
"ttro_man_32","4fb1742b-5a94-a6cd-251b-d839889eda8b","42c61b1c-5cd3-43ad-354d-cef8aa1e2287","0,0,0"
"utokNaNebakov_valley_group2_enemy_2","66210a46-2683-497b-a6d6-aef785f2de47","b841ded9-22c9-4f21-a56a-50f8a50c9c4e","0,0,0"
"ttac_man_9","acaa4e5f-df59-4cda-bd5b-1f4df7a6c46a","69dfede7-a999-43dd-9dfa-5bf0c5aefe01","2001.308,2502.177,115.1419"
"tsem_horseForSale_3","ffe95fa1-28c1-42d0-b878-98b8db2534c0","5c9d68fd-dcb9-4c1d-91d8-6edd0ff6da4c","1595.537,1525.7,76.761864"
"tkop_dog_1","2b45f1d4-c1ee-44ac-8148-276b1cac5469","241dd8af-0a12-4e96-8e86-88afa006a678","2285.1909,2961.623,118.6096"
"zbranePanaSemina_bandit_6","3f9d4142-5eb4-470e-a193-4f71d45bd219","c5b2971d-60a4-46c9-a175-3815d626cfc5","0,0,0"
"utokNaNebakov_valley_deadAnimchar_57","fcae4292-0563-449d-af27-1934f2c59959","4031bb69-8a9b-48e5-9517-1c1d42b7988b","0,0,0"
"SpawnedAnimal_SheepEwe_379E35E6_5","c862380d-203d-7467-4875-fdbd98b9c761","43049911-d3fe-9315-b963-fb4ecc601d8f","2175.2471,2032.0005,104.32481"
"tneb_closedCastle_man_10","d1db6ab3-454a-4347-9b1f-005b483cc3d3","b00a3ea7-6661-42de-a137-be008a5b7044","1881.636,1213.96,52.269878"
"Horse2[ui/Apse2_f3b7a12f-e4e6-4a81-a614-9032037da8d8]","433f5926-f0fd-42e8-b5e3-ad796bd87b3f","00000000-0000-0000-0000-000000000000","-3906.7161,-3992.698,50.387299"
"tvez_poacher_2","49dd5216-cee5-c912-74b4-95a1ff67b292","4e05b3c5-824c-28ff-91de-385982a6fab1","903.50159,2307.1084,57.879795"
"nebakovObrana_attackerGroupA_9","a03aaf3d-7320-4d44-8fc8-73bd2920f7ce","34cc8a9a-37d6-4059-8e3e-89cd2ff6a625","0,0,0"
"tkop_vrahBandit_6","e63ffd04-8435-4431-ae40-a73d1bd5645b","932ffb86-b9c1-4609-beb0-ea5a8685e000","2691.3057,2760.2017,128.38817"
"tneb_horse_5","761e71c5-1e44-4a89-b380-30b65ece6507","2df9fbe0-1251-4efa-a48b-3ea5f447c12a","1966.4507,1172.2731,53.332943"
"SpawnedAnimal_CattleCow_28062BF_0","db88a3c2-09eb-8d9e-87ee-17ae4e903e98","979a19e2-6bfe-4878-b9d1-84a20bbfd83c","2209.2119,1930.6134,95.804474"
"tvez_horse_5","c1863986-a5f5-4550-8433-01cc63d71b98","d216ce2d-15ae-434b-b714-cacfcd3c7d53","1013.671,1863.369,30.919189"
"ttro_woman_13","ad176082-c52e-4284-8205-a0de4ed6f365","ca370956-512f-4162-9bb1-7196d9e95be2","0,0,0"
"tvez_man_22","654c3d73-14f3-4637-9239-7f8254047a62","5171f54b-c369-4d94-a99d-d66a41f28848","1081.1688,1903.2917,30.081495"
"utokNaNebakov_valley_deadAnimchar_46","a0a1ee76-952e-47cd-badb-3452d91abc88","3868c34a-6a8e-4355-9e48-be9152eafe00","0,0,0"
"SpawnedAnimal_Hare_4C39473C_0","cc16d534-df7a-1916-7198-89b9df46b60c","b19979de-14fe-4fbb-ac06-893366032cf3","2153.9119,2082.823,106.73615"
"SpawnedAnimal_Hare_4C39473C_1","0acbfe38-fdf5-53a5-7db3-547f50640546","b19979de-14fe-4fbb-ac06-893366032cf3","2134.5903,2050.2375,101.0565"
"utokNaNebakov_valley_deadAnimchar_47","7e950edf-d462-4587-9558-244abe0670c7","0a219c62-4c84-4d50-acf5-14515c33895a","0,0,0"
"poustevnik_clesgin","5b582eaa-3fa6-4ecd-84d7-d2956cbb3152","be1e5c5b-68cf-4fe2-af81-aa75b54db110","0,0,0"
"ttro_woman_12","e3dd3ce3-5c34-4f82-9bc7-8a37201a6400","7759e6b2-6a88-4f30-a28f-bee35104370b","0,0,0"
"tvez_man_23","8b13db7b-47e8-460d-9edb-a3fccbe3fde9","a8e17edc-c1dd-44d7-ae70-1fd3cedd9e33","831.93451,1707.9136,35.40675"
"utokNaNebakov_valley_standHlbrdKill_2","79c168db-4557-4bcc-a664-94696242e5f2","17e4f4d8-6a9c-4a2a-af6b-8181f00bb1ef","0,0,0"
"ttro_woman_11","26c88165-7445-49c3-955e-4684a266f25b","1b21ebf4-0ccd-450e-b182-8703a01c6ff8","0,0,0"
"tvez_man_20","35bea08c-f4b7-448e-8d99-e203f8d8cad4","2f825ed0-1d9b-4df0-ad90-d6e2b136ce04","1087.965,1930.3311,29.5804"
"utokNaNebakov_valley_standHlbrdKill_1","49a9de92-0548-4775-ad6f-c2a10af4a034","7177794d-25fa-4cb5-bb0f-eaa6e131d420","0,0,0"
"utokNaNebakov_valley_deadAnimchar_44","a1384666-38d1-4925-bb3d-03e6eeab6e37","14e74e2f-e364-44ee-a05a-ec9c3aa1edab","0,0,0"
"SpawnedAnimal_Hare_4C39473C_2","78009c42-ac4f-802f-07d1-9f0dea358f95","b19979de-14fe-4fbb-ac06-893366032cf3","2144.2205,2063.0803,103.43398"
"SpawnedAnimal_RedDeerStag_875F88B_0","ea875dd5-075f-a696-9010-189ffa9e36b3","e6ff4f52-9e77-4b81-9e6d-aef3c4aeb627","2443.8672,1814.1769,75.824608"
"bohutovaVlozka_eriksCompany_man_20","a838e49f-f0c7-471c-96b4-54621b8e26c0","4bf36583-3986-47fd-9ff9-17c73f968d8c","0,0,0"
"SpawnedAnimal_Hare_4C39473C_3","d4d85ad2-58ce-6e74-9717-47a16bc1d47b","b19979de-14fe-4fbb-ac06-893366032cf3","2136.5977,2056.9575,101.75871"
"utokNaNebakov_valley_deadAnimchar_45","796af286-f50e-4894-9270-76ce6de68397","9327f5d0-575a-4253-bee0-3b3af9500a83","0,0,0"
"ttro_woman_10","b10e3558-287e-4afc-8282-0cc4e4acd19f","ab87afbe-498c-42c3-ab3e-bef003b273be","0,0,0"
"tvez_man_21","8f59623b-189a-48f3-b7ff-d7e31b47888c","4badc882-824c-407e-b823-059fa3e5df5b","1084.568,1915.323,29.81846"
"SpawnedAnimal_RedDeerStag_875F88B_1","00d2785d-7cd6-fc6a-1835-4d7573e5cae9","e6ff4f52-9e77-4b81-9e6d-aef3c4aeb627","2448,1815.4915,76.971283"
"SpawnedAnimal_Pig_41285AE8_0","2f835c76-9ba9-3458-3311-1c5a0c02f821","c8bbecb6-2493-4808-b57b-27ce56a328d5","2376.9597,2004.9044,107.37517"
"vezniNaTroskach_tapo_soldier_13","9c5e0401-a243-48d7-b6f9-b3699e837042","935ab52c-d233-4443-918c-f13f70a837a3","0,0,0"
"poustevnik_niclas","a8ce70e0-270c-4e73-9f0e-97959616edf2","c016e9a1-d361-4d69-9529-244bba61fdc0","0,0,0"
"SpawnedAnimal_Hare_2BD21C7C_4","72035b28-5be9-dc46-6d16-9c074cc2e6c9","b19979de-14fe-4fbb-ac06-893366032cf3","2320,1847.7942,86.958839"
"SpawnedAnimal_CattleCow_72EA14AE_0","ca8cd4c1-aaab-f3a5-8499-13bf0e3305e6","979a19e2-6bfe-4878-b9d1-84a20bbfd83c","2177.1567,1948.9216,93.546082"
"SpawnedAnimal_CattleCow_72EA14AE_1","279886bf-8549-eb42-facb-0752ec1ce2fe","979a19e2-6bfe-4878-b9d1-84a20bbfd83c","2173.4895,1961.5679,95.584137"
"bohutovaVlozka_deadman_4","48d53e75-d754-4b05-aff7-a537e5cdae47","6353b089-cce3-4a9a-9f09-216d44264aca","0,0,0"
"vezniNaTroskach_tapo_dog_2","1b522e56-5500-4979-bf68-14dd9ff4ae71","9cf68382-49ca-4fe5-a6ea-2bf81e38fa1e","0,0,0"
"SpawnedAnimal_Pig_E8D210A1_0","2ddcb2d9-79e8-6e22-9cff-43584de0827b","c8bbecb6-2493-4808-b57b-27ce56a328d5","2242.4548,1971.5332,100.57666"
"tvid_horse_1","909e50ac-d7b6-461a-99c5-ceaa8f36808e","9f6911bd-4fe3-40f0-a7d1-6a2224cefb55","1255.287,2696.2251,18.75819"
"SpawnedAnimal_Pig_1A06F4A0_1","f9bab997-6af9-bbcc-d2f4-258c5cf36cae","c8bbecb6-2493-4808-b57b-27ce56a328d5","2437.8557,1919.3542,101.59205"
"horse[animalcare/horseCare6_ff15a088-7332-4a17-9536-3e8f6a8898ad]","833decc1-d527-47ec-9405-2d1aef6373f2","fc0e6251-b314-4398-b83f-3a66a52961ee","2314.8669,2080.2781,111.1628"
"vezniNaTroskach_apolenaHorse12","ba3c57e5-12b1-450d-80b5-7cda92c1c12d","a97eac90-795a-490d-93a3-e5d2e3c2aec2","0,0,0"
"SpawnedAnimal_Pig_9266376E_0","3d0ee403-5e32-d098-46a9-914897c738c5","c8bbecb6-2493-4808-b57b-27ce56a328d5","2360.3928,1921.4014,94.502136"
"utokNaNebakov_valley_trackviewGroup1_friend_3_rec","795ea949-333a-49e4-9bd5-0dba549dbf00","812a5eaa-50a7-47db-a2b9-f551cfa3a05b","0,0,0"
"tsem_woman_8","4bccc213-b25e-7ff5-edf6-130c473cd596","456dc2bd-1ede-2372-7ee7-fed064e80ea8","1458.7242,1536.3448,65.428726"
"SpawnedAnimal_Pig_1A06F4A0_0","1c2f4035-062a-feb9-700d-b0698f9f19eb","c8bbecb6-2493-4808-b57b-27ce56a328d5","2446.4001,1916.7949,100.33126"
"tsem_woman_9","4067d913-df8f-0f9a-8013-ecc2ff7f7184","4187a4bf-c27a-dd4b-c348-7bec934968ad","1431.2075,1557.6584,64.107323"
"SpawnedAnimal_Pig_9266376E_1","9afd6f4e-d8c8-05cf-0b22-62ef6d416f10","c8bbecb6-2493-4808-b57b-27ce56a328d5","2359.6934,1918.4473,93.923149"
"vezniNaTroskach_apolenaHorse10","da4b8f99-7a00-4c60-8752-8ff13ff750a8","fba37668-1692-4859-9a33-2938816b88da","0,0,0"
"tsem_horse_7","56757820-e9a6-4f88-afef-fb32a1a960e1","05e91618-9013-4f9c-acd8-4fc5f0ad20a2","1430.3822,1535.0627,62.295052"
"utokNaNebakov_guard_11","4e72875b-854b-40d6-b79f-ccfb1c6c1e5d","85a25313-84f0-4ac9-8031-ca5be149e5cf","0,0,0"
"SpawnedAnimal_Pig_9266376E_2","c8038ae5-7ce9-a98c-a0c7-9cbd4ce52cbc","c8bbecb6-2493-4808-b57b-27ce56a328d5","2363.0027,1938.3495,95.996666"
"SpawnedAnimal_Pig_47B53147_0","2c8ccde4-679f-3eb1-a180-13593afe112b","c8bbecb6-2493-4808-b57b-27ce56a328d5","2419.1067,1944.0786,104.29546"
"ttro_horse_2","6483514c-052a-4c5a-88d0-415eaf8d6c7b","c7b66172-35fd-472e-b07a-421a7bd032c9","0,0,0"
"bohutovaVlozka_rowdy_4","a24aa94a-5401-4ecd-92c8-649b92c970be","9384758e-29d7-4ca6-a636-17883b6f611e","0,0,0"
"SpawnedAnimal_Pig_47B53147_1","006be61b-98f1-ee0b-5eab-f4755401abfb","c8bbecb6-2493-4808-b57b-27ce56a328d5","2417.1042,1951.3387,104.91694"
"ttro_horse_3","876f95b2-3f29-4f7a-a231-c35f413b1997","039171b4-6952-4565-a70e-1304ee343c93","2440.8469,2650.0791,201.14999"
"InventoryDummyPlayer3[ui/Apse2_f3b7a12f-e4e6-4a81-a614-9032037da8d8]","a0d551a0-57a4-4a10-b574-9fd0334881a9","00000000-0000-0000-0000-000000000000","-3906.6211,-3992.595,50.767601"
"nebakovObrana_attackerGroupB_ladderGuy_7","b0d17efe-0723-4877-bd70-27ed4af43881","0fccd183-eef6-4ca1-8366-8a32b6ae39dc","0,0,0"
"SpawnedAnimal_RoeDeerHind_59848209_1","ed952b8c-2e3b-4f21-c966-0a989eb7815a","44568aec-c7f1-44af-a154-ac832ff7c1c7","2225.6628,1828.3004,81.381554"
"utokNaNebakov_valley_deadAnimchar_52","16a54776-d178-4173-adbb-b6ce936e6e85","e31d1a56-542b-44d5-8964-50c37851f33b","0,0,0"
"SpawnedAnimal_SheepEwe_379E35E6_0","7480973c-11c9-803c-79da-1f016c889c95","43049911-d3fe-9315-b963-fb4ecc601d8f","2212.5525,2016.0006,107.42772"
"zbranePanaSemina_bandit_3","4b20a0e8-d918-7ad1-8f65-cf2ee5df69bf","489b7bb2-bfe8-e85e-9176-0ee64655b482","0,0,0"
"nebakovObrana_attackerGroupB_ladderGuy_6","d4b958b5-2cc6-4ed8-b219-f4f57faad05c","2add76bf-789f-416a-9d63-b23f66d82cc9","0,0,0"
"InventoryDummyDog1[ui/Apse2_f3b7a12f-e4e6-4a81-a614-9032037da8d8]","b698810c-2b4c-4ff5-8835-b59d4fbd9ac1","00000000-0000-0000-0000-000000000000","-3906.7949,-3992.083,50.394951"
"SpawnedAnimal_RoeDeerHind_59848209_0","72aab478-8096-2644-3df9-35073319e433","44568aec-c7f1-44af-a154-ac832ff7c1c7","2223.3813,1797.6338,73.296829"
"prepadeni_woman_1","c4719769-0481-4a39-9e9a-c5111aa7e512","f9eeaaef-b0f7-437d-b5cc-043121267e87","0,0,0"
"SpawnedAnimal_SheepEwe_379E35E6_1","fc8cac44-3c0c-448a-01e1-1389a9a52a51","43049911-d3fe-9315-b963-fb4ecc601d8f","2191.9983,2016.1818,103.88609"
"utokNaNebakov_valley_deadAnimchar_53","7214dd19-cedf-4178-878e-aca4c0b49e57","312ef91c-0e29-4e10-8906-246c7cb01461","0,0,0"
"zbranePanaSemina_bandit_2","4ecebbfd-3dc7-f0ce-f542-b77cab40f19c","498a15f5-3e1f-88db-d63a-738822dd70aa","0,0,0"
"nebakovObrana_attackerGroupB_1","08a5e1f7-0b58-4875-8cb3-5b89b76d1253","1371487c-b59d-4bb6-bfe3-891caf90538b","0,0,0"
"InventoryDummyPlayer1[ui/Shop2_0286e260-889f-470e-965a-2fbc83476260]","a6ab2c8d-9363-487c-95cf-b2cb3bd65247","00000000-0000-0000-0000-000000000000","-4007.5691,-3994.2561,50.803719"
"SpawnedAnimal_RoeDeerHind_59848209_3","5fe334ee-bd21-5730-ab79-7c2a84249042","44568aec-c7f1-44af-a154-ac832ff7c1c7","2245.3118,1807.8591,75.565781"
"zbranePanaSemina_bandit_1","4751dd7b-8b38-58b3-fb42-69c3a93db2b0","45c673ba-23ec-9abe-ff74-23ec6ee0af87","0,0,0"
"SpawnedAnimal_SheepEwe_379E35E6_2","7a04a5d7-9375-9331-92e8-9b0fd00a9186","43049911-d3fe-9315-b963-fb4ecc601d8f","2179.8186,2018.603,102.01448"
"utokNaNebakov_valley_deadAnimchar_50","67015be2-3118-47ea-b587-46213bdf4e8e","83e9c2f4-9c73-418b-b66b-34ded0bbfce6","0,0,0"
"SpawnedAnimal_RoeDeerHind_59848209_2","b560281a-ac81-e38c-5f65-ffc024352cf6","44568aec-c7f1-44af-a154-ac832ff7c1c7","2199.0554,1840,82.169868"
"SpawnedAnimal_SheepEwe_379E35E6_3","4254b0eb-9319-8444-aefd-cb37bc0ae491","43049911-d3fe-9315-b963-fb4ecc601d8f","2175.9998,2007.5444,99.804428"
"utokNaNebakov_valley_deadAnimchar_51","5a7e91d9-da8b-471c-ba5f-383d6208e188","574efa17-9f41-4338-8640-48895c9d5f8a","0,0,0"
"ttkc_woman_9","32b0b7c5-ab8e-42cb-a2b7-31eb735d2111","7ac037fe-60ca-4212-a39f-0093cff270ba","2443.9539,2031.2594,112.47021"
"nebakovObrana_attackerGroupC_4a","b512735a-15d0-48f8-84e3-dd75127f68ff","c8778b0f-7372-4004-8561-221a424e6056","0,0,0"
"tneb_man_11","481d49c6-18db-ce95-7b9b-29b0366b16a8","43b076df-4be8-f9d9-e2e4-dd5cafd0db96","0,0,0"
"SpawnedAnimal_Hare_2BD21C7C_0","9d98a4e3-293f-5585-a6e9-07e89ab02540","b19979de-14fe-4fbb-ac06-893366032cf3","2296.6577,1834.0013,84.734192"
"vezniNaTroskach_tapo_soldier_17","710ac160-435b-4e90-9a78-08d3a2ce8211","16b22b6b-48a8-42b0-96d0-fd6dead00114","0,0,0"
"tneb_closedCastle_man_1","b9c94c74-2c57-4924-b730-395fcfd30c22","127c1a3e-78c5-4a4c-a71f-2f31cbc13eca","1881.636,1213.96,52.269878"
"prepadeni_bailiffsGroupSoldier_11","7b8c1773-c192-4799-9cd8-4f41bcfebc84","06e7baa3-151d-4bb9-82d6-c4882732b88a","0,0,0"
"SpawnedAnimal_SheepRam_6CBAD10D_0","61973695-7c9a-8c02-d07b-08143fe5a299","65cdec1b-f869-4c94-90a8-c34d477f0348","2185.2456,2000.3878,99.964401"
"vezniNaTroskach_tapo_soldier_16","c14e75ba-a337-47b8-98da-24c8b5a2ec84","cfb29f26-f313-438e-a465-638d591a5360","0,0,0"
"SpawnedAnimal_Hare_2BD21C7C_1","d96f2968-fe75-74b4-2d64-f0acd0671461","b19979de-14fe-4fbb-ac06-893366032cf3","2284.2327,1863.7251,90.958763"
"nebakovObrana_attackerGroupF_10","b43680c8-b0bd-40e7-b353-ce0e54ec7e72","c16f2ae0-c8c3-4d28-8b75-ee051926b978","0,0,0"
"ttac_smolik","489281c8-d4ab-4657-96de-db61854f16a4","44973bc3-a116-b8d5-4be6-fa1f90c7c1ba","1881.6897,2297.3367,64.949791"
"SpawnedAnimal_SheepRam_6CBAD10D_1","e186e12d-7729-8e02-68ac-19948ceea29b","65cdec1b-f869-4c94-90a8-c34d477f0348","2223.3015,2031.0048,108.78516"
"SpawnedAnimal_Pig_1A06F4A0_2","b757bb0a-778f-afe9-4ff6-c8c22aee49ba","c8bbecb6-2493-4808-b57b-27ce56a328d5","2439.6111,1923.1641,102.00845"
"tvid_horse_2","9dff3730-6119-4464-bc2b-142732605134","fec9e888-c5a2-47fd-afba-49f4d5356c94","1252.781,2710.4609,19.312099"
"mucirna_vypaleniSemina_horse_8","b8de3d94-ba20-4549-903f-9228899db35b","f76ec213-84ee-4ae8-b6e8-f73aac5f3b68","0,0,0"
"tvez_zizkaGuardPOI_3","df92254a-114f-4d6f-8267-b8076244fb4d","7f48a02f-62a1-4fcc-bb62-9d5f23734e26","750.51135,1805.6779,33.592419"
"nebakovObrana_beforeBattleMeleeGroup_14","9c664f61-8470-454b-9b58-10d7af8a06da","00000000-0000-0000-0000-000000000000","0,0,0"
"SpawnedAnimal_CattleBull_412489E6_0","e09aad0d-5fff-01da-48e0-05955ac67a14","34ff3a75-2185-4ee6-ab03-6cef2ed8279f","2481.7778,2045.7753,114.84489"
"zachrana_stag","4ee86058-8492-4d2f-9b15-bce058f59ac8","beb6fb18-3542-4756-a490-ac311b70d96b","0,0,0"
"vezniNaTroskach_tapo_soldier_15","b32bb861-1bb9-4a42-926d-e85b0e4d95c1","6d77e302-65e2-43f3-9470-df58238e26eb","0,0,0"
"SpawnedAnimal_Hare_2BD21C7C_2","e1e69cf2-b8a2-087f-b7d1-79940721df1d","b19979de-14fe-4fbb-ac06-893366032cf3","2291.2537,1869.0776,91.411644"
"ttro_man_59","d1853b8f-d389-4aa7-bdac-6a59245539ed","7e4881d6-ffb7-416f-bbbe-49bc622747b2","0,0,0"
"vezniNaTroskach_tapo_soldier_14","c990c45b-7be1-4ed6-9b36-e21dded4a8bd","dadb584a-c933-4f95-ba05-09e5a3c0fda7","0,0,0"
"SpawnedAnimal_Hare_2BD21C7C_3","0ef39e59-34de-afe1-1cd3-6c7b7bad41ba","b19979de-14fe-4fbb-ac06-893366032cf3","2287.8521,1872.2587,91.838799"
"tneb_closedCastle_man_2","05f11c92-e86f-4f5c-b10e-3bf3c96370f4","d0998bec-4d76-4581-9326-8ccdd9d09234","1881.636,1213.96,52.269878"
"prepadeni_bailiffsGroupSoldier_12","daa53f45-e1a2-43f2-840a-cf7f66423542","5ca760ae-05bc-4fb6-a3d2-1b2ec4933696","0,0,0"
"SpawnedAnimal_Pig_DC63E134_0","2bd3aec7-65b6-8aa4-82e3-4c5e13fc049f","c8bbecb6-2493-4808-b57b-27ce56a328d5","2456.8398,1996.2352,112.46129"
"SpawnedAnimal_Pig_DC63E134_1","a944bfe4-f81a-5529-a1f2-dbdcbf618940","c8bbecb6-2493-4808-b57b-27ce56a328d5","2450.1018,1994.0765,112.45665"
"utokNaNebakov_valley_group7_enemy_2","ef8d2ccd-eda3-493e-bc20-3a7ff46496e9","1410a3e5-1a48-4dfe-b2ab-7a8d02ac0bc8","0,0,0"
"tpod_bandit_2","fa3b878a-bd09-4f1e-893f-33e4dda3d047","756480a8-7104-4aac-9662-8d35410304b7","1533.501,1062.719,14.9016"
"SpawnedAnimal_Pig_7F983C91_0","c845c17f-a36e-af07-3a8c-dabdcb3aa7ba","c8bbecb6-2493-4808-b57b-27ce56a328d5","2259.801,2009.8451,103.72456"
"nebakovObrana_freeRanger_6","66d432d5-b9cf-4ccf-8930-0f2908580c11","c784343b-5845-4953-a49b-ba5bfe3bb417","0,0,0"
"SpawnedAnimal_RoeDeerBuck_7A21B461_0","93f2513e-9c05-8cf7-7b1c-6de6a0055799","6aba275d-cb17-4d5f-b46d-c9c2ca954aba","2223.3135,1816.2246,79.298126"
"tzda_woman_4","1a3d4423-fc42-45f5-810b-ff2b499fd202","e9cca65b-2a67-4b12-b892-673ffbcb61dc","2038.9994,1518.6002,70.286758"
"rasuvUcen_wildlifeRun_wolf","f4941c2f-2b0d-448d-8281-7af9da3b2783","29aa9256-1138-41ec-9a68-e2d9294fdf66","0,0,0"
"SpawnedAnimal_RoeDeerBuck_7A21B461_1","b650bbf7-071e-de3f-b2f6-cfc3bb9e9fcb","6aba275d-cb17-4d5f-b46d-c9c2ca954aba","2210.0906,1837.3391,82.614891"
"nebakovObrana_freeRanger_7","932c3c34-609c-4a7a-a07b-23547ebd0796","438cee8c-cfa5-442b-b5c9-75c0331ce016","0,0,0"
"zbranePanaSemina_moravak_jurko","ba5ce4f4-ba99-4558-8a56-4f966c840e7b","b7df9531-0fb6-46bf-a326-3b46c33fed9f","1626.9375,1529.8231,78.439178"
"rvacka_apprentice_2","02326a3b-a56e-29e1-7e27-ad77cb3c413c","b8c033df-7219-4d8e-8ba3-6ed07bda6678","2496.5925,2024.0796,113.0205"
"nebakovObrana_attackerGunCrew_4","e87d72c6-f838-4cc8-8aef-96ec77eee16d","c051877c-4343-4b54-b1bb-4ef69c230ee6","0,0,0"
"lovVlku_forthPack_dog_1","f354ae59-0487-442b-8b6a-f76e9230e184","d6c34d45-300e-4a88-af77-13c1a45e1f69","0,0,0"
"SpawnedAnimal_RedDeerDoe_3D540DF1_0","8bd56dcc-9e57-7a67-8920-4afef207c76f","03501abb-222b-4b7a-a0ba-6e7fd33a4fb8","2437.5837,1825.8904,76.481567"
"prepadeni_horsePivec","4d1c6029-8ad3-346a-bad3-2fc18c48d9a0","4945b24e-565f-8d11-a985-6610349b3da6","0,0,0"
"nebakovObrana_freeRanger_9","8c18e304-90c8-44b5-9006-3e952d918b7a","945f83be-da35-4205-83ab-66fe45a8a294","0,0,0"
"utokNaNebakov_valley_group3_friend_1","a5cab076-2809-43ba-a96b-b7ba71779479","3e872cee-a22c-4d95-b961-9198aa86d9c4","0,0,0"
"zranenyLovci_wolf_2","f80de59d-3f11-429b-9c16-a2d359c9f792","46b86287-42b4-cc82-b369-a57a5e70f4a6","1415.615,2886.3889,17.4"
"InventoryDummyPlayer1[ui/Apse2_f3b7a12f-e4e6-4a81-a614-9032037da8d8]","268b5f18-978b-4849-adbe-a230ae4277cf","00000000-0000-0000-0000-000000000000","-3907.5569,-3994.2959,50.83989"
"SpawnedAnimal_RedDeerDoe_3D540DF1_1","e8a65c7c-1948-8293-3911-399ded803397","03501abb-222b-4b7a-a0ba-6e7fd33a4fb8","2450.3035,1829.5103,76.32"
"rvacka_apprentice_3","d2e87cec-fecd-15f1-a931-77a768675100","170c2a97-0e0f-4cd9-8079-ed34cbc94d31","2497.0891,2023.3129,113.07478"
"utokNaNebakov_feast_group1_animchar_3_rec","4cbd2126-887f-4b14-9e13-ede4b2e6903c","6023b99b-e32c-4b7f-81e9-3bd762a7d893","0,0,0"
"nebakovObrana_attackerGunCrew_5","c128fb10-e75c-4445-8949-7df233b95090","b1b6f950-9caf-420c-9fa6-a72c337f3efc","0,0,0"
"korenarka_dog","0387327f-82bb-4b40-9853-87e06278f444","84e7d778-fe5f-44d9-9293-1e3c4e6da025","1491.585,1986.687,16.99152"
"zranenyLovci_wolf_1","eb02b95a-d256-4f94-a44c-9ceab61fdee6","46c65d88-d776-0404-a905-5e702ea025bb","1415.615,2886.3889,17.4"
"SpawnedAnimal_RedDeerDoe_3D540DF1_2","149d81a3-78ea-ee08-e6cc-02614fe1a8fb","03501abb-222b-4b7a-a0ba-6e7fd33a4fb8","2447.2817,1840.8729,81.3666"
"lovVlku_forthPack_dog_3","6a9443cc-cdf9-4138-83b3-4fd185c06216","a330658f-d039-4406-a662-6882e63daddb","0,0,0"
"tvez_utopenec_1","3cea0844-0090-4f9a-ae22-77675a425829","079cbdbd-4e79-4dfd-a20b-ed745d4e66a4","830.27142,1839.637,10.35886"
"ttkc_vosycka","ffc6c12f-4d6a-48a1-8ba9-bb3214d4d006","74d93621-d457-4870-9e3e-ecbf41701c6d","2635.4185,2040.5393,109.24106"
"utokNaNebakov_feast_group2_animchar_10","ff79a2bf-275b-4366-9d95-9c13b8751b8d","fffb9966-026b-446f-86a6-45857927983d","0,0,0"
"dummyWanderer_horse_7","abbc37ae-3ecb-48fa-9314-b3abac20a011","18237da5-3e4f-4f08-b53a-9f71442bd0c5","27.36907,1249.571,83.949997"
"ttro_man_46","e7a58e13-6ead-48a2-a7d2-03aa2ad632de","b2921206-8dbf-4696-a858-f22fea82f315","0,0,0"
"nebakovObrana_attackerGroupB_22","ff289ca1-6166-4730-8f62-e4fea9763ea8","fe3e389b-df13-4633-bb58-94c5b4f3434c","0,0,0"
"utokNaNebakov_valley_deadAnimchar_79","ff18acd6-0b08-4479-a004-caaa6288c88b","ac06e22c-98f2-4614-9ef0-f27cd8a8ceea","0,0,0"
"vezniNaTroskach_apolenaHorse9","7279c32b-d598-4471-8fe4-91455d8eede6","36431e54-361d-4035-a7db-410459f26a56","0,0,0"
"utokNaNebakov_valley_shooter_5","1f6332b1-c3d9-4033-8f67-88046d55dd26","c72e5d5b-981d-4095-a326-3ded9a750fba","0,0,0"
"vezniNaTroskach_tapo_soldier_57","e4a59204-4d31-446c-b013-8ff7d85c39ab","c650f479-d0a9-45d8-b97e-068e476374f5","0,0,0"
"nebakovObrana_attackerGroupA_ladderGuy_1","8296500e-c423-454f-9538-79f28a05a5d5","f4177f97-8965-42a5-8bc5-bf6bafc4d013","0,0,0"
"bohutovaVlozka_deadman_6","fed2a504-67b7-4f0a-8433-2d724573c28f","8da3c553-7187-466c-ae02-35cad0d15097","0,0,0"
"tvez_vajda","4302266c-b66a-1812-66b4-a5774a9dd5a4","4e519b87-09c2-77fc-64dc-02f00b7ae399","1084.6704,1942.7954,29.449804"
"nebakovObrana_attackerGroupB_ladderGuy_3","feb0886b-e54d-4a7a-88b6-17cfda50c753","768f43db-f6ce-4a29-96d8-d3fac87dab08","0,0,0"
"tvez_utopenec_2","f48478c1-6d43-4793-bd61-0acb1d5ce010","8a89f626-9ffc-4fa9-8a8d-12d2ce12ebb3","837.72357,1840.507,10.32852"
"tsem_woman_12","4e177076-cd18-70e4-f396-4df7aab780ab","46ec6bf1-3bac-85d6-8ee7-f90b1b25a4a8","1451.9963,1566.5531,66.042885"
"ttkc_woman_17","fe13501a-bce1-4c53-8ece-516fc2c0dee1","f9a94c81-d804-44ab-9d0e-9c4decefbcd0","2330.1262,2079.7466,110.4786"
"tzel_lida","4222ddf5-f666-b72c-1862-9cbc5608a388","44e8a915-bb7d-a071-6993-a7b5f11baf82","1778.8142,1955.099,40.786148"
"dummyWanderer_horse_1","fdd79b9d-3f5a-4e21-91ac-930431b79952","5ec0f8e0-1251-4a83-b3fb-c737cc7e7e6e","27.36907,1249.571,83.949997"
"tapo_kasparBandit_5","010b1132-ee0e-47b3-a9f8-1da4f04a6cc8","de64e404-6377-4db9-abb1-64a64e7c68e9","2785.6775,2588.3853,127.33384"
"vezniNaTroskach_tapo_soldier_31","a06082a4-27b2-4dfd-adf1-f92a6c38ef19","9edea14e-93d7-4c01-9ced-9ddaa8b86a75","0,0,0"
"ttac_dog_3","7132e892-accb-420f-813f-a3f788728c25","6b6386bf-37a2-4287-aca1-adcd19728ac2","1997.215,2557.4761,121.5951"
"utokNaNebakov_valley_group6_friend_1","fdbecae1-91a1-4737-bc26-e1b32586330e","57c2145e-ecbb-4e92-8528-4877803bfa53","0,0,0"
"cow_static[animalcare/cowCare11_ab536ef8-d324-4fb2-938d-bc3b44b98434]","fd6ae024-595e-4676-b83f-e8bd6fe97156","979a19e2-6bfe-4878-b9d1-84a20bbfd83c","1983.177,2585.146,123.6177"
"tzel_man_7","97f1e5e9-bb03-4553-87ef-ff65304f7a4a","271ac033-a516-4928-b1f7-825bc57c46e3","1759.988,1928.3979,38.08556"
"vezniNaTroskach_tapo_soldier_29","a0dd884d-bc5b-4bd1-b926-736907e0c168","b7eee7d8-a63a-4006-bf38-a2746322a149","0,0,0"
"tvez_horse_6","c130724f-5971-444f-b4a6-2ad0d56b2db8","7341d98e-2da0-4b21-aaca-343ea6b0e86e","1016.435,1865.024,30.448351"
"utokNaNebakov_valley_group1_enemy_3","a75dba93-d35f-48cc-99c1-5c183455dbdf","86cdd9ce-c5a6-4d10-b721-cd4e82d667c2","0,0,0"
"tneb_closedCastle_man_8","fcd1a16a-5437-4069-8c8c-e4cdfdfbdd59","56beb0a7-711f-43c2-be5c-5522e3e0e36d","1825,1250,33"
"ttkc_drozd","4675cbb4-30cf-f176-929e-6d4304bd1b94","482a30a6-e506-945c-00f9-29cf10e033b1","2310.0269,2062.4731,110.7053"
"tneb_man_18","4ac9f1a0-8507-38ab-b969-ae6c8059438c","4a5baae4-2667-2892-178d-b47b10e562b3","0,0,0"
"ttro_man_52","aafade36-c2bc-4901-a1bd-9f96e50f5627","c7ddfdc5-c2b2-4ead-8c33-6ea81f6103bd","0,0,0"
"rasuvUcen_ambusher2","4b935d67-c1c6-3631-bfdb-26992a9a7fb5","4af3f32a-48db-a1d2-ecdc-25a05c611bba","0,0,0"
"lovvlku_safarik_lostSheep","fc7c655d-ebb5-42f5-bc05-832292613f1d","79326b3e-a7a1-4e35-9c04-335917f97f78","0,0,0"
"utokNaNebakov_valley_deadAnimchar_73","d64f7519-a8e7-4b28-b9aa-a98596bce249","9a31a3b9-cd88-4173-be05-758b686607e9","0,0,0"
"vezniNaTroskach_apolenaHorse3","606f3487-7bab-454f-9353-961bbba7d342","0bbcf460-439f-4073-926e-f180c122100e","0,0,0"
"tvez_man_17","4608204e-8ff0-d32f-182c-8f5e374a89b1","43471526-ac3d-74a8-2d09-a0a25e606fa3","911.13916,2005.9215,14.529523"
"utokNaNebakov_hermanHorse","fc1aee7d-68c2-4a8a-8c35-117f3d90a732","55353ccc-b4bb-4d38-ba64-10d95607421c","0,0,0"
"bohutovaVlozka_eriksCompany_man_17","e5e1edd1-ee15-404a-8efc-59d1eea0d673","40f25686-531d-4ba8-bd7a-9ff7eb1845b7","0,0,0"
"cow_static[animalcare/cowCare1_b788b6cd-6d78-4498-8b93-17dafbbc058e]","e4ee5e3c-298f-4b06-b870-2dff82949bba","979a19e2-6bfe-4878-b9d1-84a20bbfd83c","1730.228,1990.927,41.299999"
"ttkc_dog_2","5caa1d1b-e184-4364-838e-daa6de449404","187b58c7-e5ec-4307-9a78-743c584c9427","2285.1008,2021.0667,104.30666"
"nebakovObrana_attackerGroupC_15","fc03d637-986f-4c80-92f3-4cced2d5282e","6ed619a1-8b7b-4024-945c-c60b48b294d3","0,0,0"
"ttkc_man_26","fbecc9e8-5644-4b50-b704-a7e95ee4d0f0","cfa65480-f361-4cf8-80c5-1900b7846bc8","2435.2476,1965.5284,108.0555"
"tzel_farmhand_3","4dcee5eb-bf59-b418-0e94-81ce0e9a2cbb","4f65cff0-aa7c-d535-2b2b-bfcfcfd48bbf","1736.688,1992.272,41.751652"
"utokNaNebakov_feast_group2_animchar_8","fbd09fdb-6f5a-4ae2-bd69-e804db9b16c9","f4e02e3c-ab11-44cc-83b2-60f21aa214b5","0,0,0"
"hledaniPsa_secondPack_wolf7","69839a7d-c8f0-485b-b224-f0fb64091718","82ffa694-1b3e-49fb-90ef-255eb0a09925","0,0,0"
"ttkc_marketa","44ac495e-3723-2407-9b8c-d093f4d143bc","4b842b7d-caeb-cf7f-afc3-83814368698c","2645.3911,2053.5901,109.5955"
"rasuvUcen_herdsman_man","fbc2660a-36c6-4dd9-95e8-9fef4b224e94","342fec04-28e1-494d-89c4-a680a74e0806","0,0,0"
"kocovnickaCest_wolf_1","48a916b2-958f-4510-a1c4-9976d464c689","9c6e36b3-ba32-4fbc-9d0a-3c0d45f35990","0,0,0"
"ttac_man_11","f7ca7a0a-2dc9-4b55-8219-88506b0771ac","f21b01fb-3a28-45ec-b25c-97858519a5bd","2093.5959,2546.123,125.971"
"tkrc_nezahrabaneMrtvolyWolf_4","fbb03685-b690-4a54-901b-0ce8cd614c84","5e5379d5-9999-4771-8559-7900801ce00e","1081.7371,2246.6279,39.42812"
"utokNaNebakov_feast_group2_animchar_15","fb4bd8ad-19cc-49e2-a332-1d7d7e82e8ca","2cb629c5-d61d-4532-970a-fd84810bf27e","0,0,0"
"tzda_horse_1","83de973d-a17d-4c75-a9d4-9d2de97493d2","a035f87a-a0ed-4c02-9c1e-7f960da9bb3f","2423.3608,1712.0535,84.587585"
"dummyWanderer_horse_2","f0d04943-25e7-4bff-9334-86e1944eea9b","240b9f0b-837f-4e3c-b7b1-11382d2e1546","27.36907,1249.571,83.949997"
"vezniNaTroskach_ttro_babaSoldier_3","fb1e4309-7bba-44a9-af6c-3ec0792e1ee7","77e65b2e-efed-4268-9c77-7819de8626bd","0,0,0"
"tbuk_neoznaceneHroby_man_1","5fd05a1e-c89d-4cee-923b-5cd2b8b5d3b6","0796c866-3009-4549-99ab-a883050dfc16","1552.182,2747.9651,55.932911"
"prepadeni_deer_2","b4226268-837b-4794-b7e1-e6d5bbe72329","6baa8c18-000c-4890-b65b-9390b63cffe9","0,0,0"
"nebakovObrana_attackerGroupB_5","ed9497ee-34c8-4b94-97d4-e1bf950ab168","9cc801b2-dbbb-44c7-be5e-675711043dea","0,0,0"
"nebakovObrana_beforeBattleMeleeGroup_25","fa95727e-a855-4f13-b6fd-d6f625fcf387","00000000-0000-0000-0000-000000000000","0,0,0"
"ttac_woman_4","82cf9bd2-b14d-42be-8d6c-10818bb14c33","49daaf6f-5119-420a-b7c6-33825b912bb3","1996.135,2471.062,113.0597"
"ttro_horse_4","4a5aa78e-7dfd-4a27-9368-83b9000c376d","8ff6fc73-5018-42d4-9ce5-034daccfe1a5","0,0,0"
"bohutovaVlozka_rowdy_2","fa1f0124-1150-495e-b270-24bb2b4a641e","f61ce06c-93ca-4157-af2f-fc286b5ad83f","0,0,0"
"tzel_man_10","b0a6a0d2-f9b2-4326-9f96-f99e853c6d68","8158f557-018e-4016-95a4-024bb060bd18","1801.035,1941.075,41.004478"
"rasuvUcen_wolf_2","184f7ec9-15e8-40b3-84e1-a3945f1d9926","4f5926d6-025f-460d-8e07-3e0fc0cae666","0,0,0"
"nebakovObrana_beforeBattleMeleeGroup_7","ac8698c8-6fd5-43fa-9540-3b073a60ad27","00000000-0000-0000-0000-000000000000","0,0,0"
"nebakovObrana_deadBody_3","fa098fbe-e9fb-473f-b4c8-197bc65b5d00","43977793-4966-4003-bc7a-98d4d00c5775","0,0,0"
"utokNaNebakov_feast_musician_2","e648d2d8-12bd-4a03-a55d-cdb0c0785d14","a2aa3923-726b-4bdd-beec-4dda5a948a2c","0,0,0"
"nebakovObrana_attackerGroupB_20","f9d7c6b8-aaad-4cf8-871a-953c6445da26","9e3966b2-6a7e-41e6-94e4-261747b20ab4","0,0,0"
"ttro_man_44","48243b70-d645-445b-8f78-6d124c986d83","b810b5b8-dd12-4df7-9965-a05e36b55690","0,0,0"
"bohutovaVlozka_eriksCompany_man_3","f9c0ca65-602b-4ce7-8736-ec02ba8396c0","178e4324-ac3e-452a-b1e5-bf508f1d9492","0,0,0"
"tsem_dog_3","59901695-805f-4b9e-8d44-c7918f9dd92e","ad8c808f-2a30-48fb-98fd-3ed3e57ed7cc","1578.077,1729.5959,77.390373"
"tneb_michal","49496d33-17d5-7c69-696e-96e0e668b49a","7f3eb34c-cec4-4b00-aec1-e2dc34134da4","0,0,0"
"utokNaNebakov_valley_trackviewGroup2_friend_5_rec","1d8efecd-9e8a-45d7-a48c-899bf3ca0fb0","19c69e97-d4e0-445c-8b0a-cd597eb696a7","0,0,0"
"utokNaNebakov_valley_fallDownSoldier_3","c0bc1da2-649e-41cb-a44d-00b5ca0fe63f","23a94c65-c9cc-4bec-8054-472a1d7d610e","0,0,0"
"utokNaNebakov_valley_obstacleDagger_1","f92532ea-df9b-4c70-9b88-2d21713fe7da","070d9f6b-7e98-4655-9a6a-3657e2c1b75d","0,0,0"
"utokNaNebakov_valley_deadAnimchar_81","ca2c5190-9372-4e10-9639-56f608b6044b","c2b763fd-6e13-4e94-a111-930d4c8e1a1e","0,0,0"
"tsem_dog_2","bbc05d15-259d-4512-adb6-4a47145a8843","bfb9b4d5-acbd-457e-b179-4dfe57fff77d","1496.444,1593.446,72.016777"
"bohutovaVlozka_eriksCompany_man_2","f8c0f502-b6d8-4f32-af9e-236afe794a95","133edaff-e8b1-4361-80e6-27b55f7e761a","0,0,0"
"utokNaNebakov_valley_chokeToDeathSlave_1","c67ac767-fcaf-404c-a9ba-967c515173e2","52030915-275f-477c-a8c5-f4a2632eaa0b","0,0,0"
"nebakovObrana_attackerGroupB_6","f8905d37-2a7e-4e40-8a76-d092d568b2d2","f3631969-940c-473a-8b3d-c1be9c2ee00f","0,0,0"
"ttac_woman_7","f4a086d3-01ab-458b-8ff3-0ffadef71473","ddf4ac93-d15d-4728-8083-16cf46f68444","1977.682,2570.2151,121.4459"
"nebakovObrana_beforeBattleMeleeGroup_26","60640efc-2952-4590-91fd-25b418b2df67","00000000-0000-0000-0000-000000000000","0,0,0"
"tvid_woman_1","4151c0a7-945d-2f19-6702-2d0890ec6696","4bb85c62-b0f9-c430-27e5-2ecfd254df90","1233.809,2659.2849,16.795271"
"nebakovObrana_beforeBattleMeleeGroup_10","f8247ad8-fb48-4bd6-bd04-6bc15d5aeca2","00000000-0000-0000-0000-000000000000","0,0,0"
"utokNaNebakov_feast_group1_animchar_5_rec","f794a7e1-95ac-4001-b0b9-4cb206803490","ae6d8971-775b-4087-8dae-9aeb5bbd7f7e","0,0,0"
"ttro_woman_3","4bfc7215-babb-4f8c-3219-1108e50d3c8f","47ae92b9-efca-4ed8-8abe-6217b5c51da7","0,0,0"
"utokNaNebakov_valley_deadAnimchar_9","f7920345-567d-4519-b735-250d1df1ebd3","7e6e2ac1-34bf-4e9a-8b1a-51e576458a2a","0,0,0"
"tkop_vrah","f78788ae-a219-4f74-aece-f06c5fd3bb77","c3c05829-4efe-4d83-ac6b-2017e0bda728","0,0,0"
"utokNaNebakov_valley_deadAnimchar_32","f739f9b8-119d-4d19-a643-de8614ce5672","8f040dae-8fcc-4333-8293-658712f65847","0,0,0"
"tvez_woman_3","c3686a34-b26a-4ef3-b81d-15256642162f","00ec8c08-21d3-4f65-8c84-cf28958f0cde","1108.769,1948.127,29.222151"
"nebakovObrana_attackerGroupD_7","e6b6d298-ae9e-4ea5-bec1-e083461d5861","bc6a1891-4d9d-4a6d-91c7-f6049552a86e","0,0,0"
"ttro_man_45","e6ed52ad-fb64-4932-85f9-c3f5f50ef72f","929b2755-74a6-48ee-9c42-9acfa0fef118","0,0,0"
"nebakovObrana_attackerGroupB_21","f7396ae1-3e93-464c-95c2-af283ecf7393","0235e05a-f2f2-485c-bf6c-766b6efd36a3","0,0,0"
"utokNaNebakov_valley_deadAnimchar_17","f6ee7ec9-344b-4b0d-872d-6ad6f6db0a70","122bd46b-aa97-4101-9a8c-7745fab206c3","0,0,0"
"tvid_man_7","f6d19ac8-5896-4b15-ac84-1028fc332e85","6947a43f-30eb-49bd-9997-44396f01fcba","2010.228,2240.9053,101.82032"
"zaby_sheep6","41affccc-f07f-c7c5-776e-256007e5fd81","4b3307bf-70af-e0da-7775-4f8c5e041d92","1892.421,2477.593,98.502159"
"tpod_man_5","46d396a0-4b9f-fab5-a66c-90589f52c294","4f45df7c-4667-77a0-a415-d03b0cd1e293","1219.2731,1543.5481,60.566814"
"vezniNaTroskach_tapo_soldier_78","e5f920f8-4931-40cc-ab90-cf541264c950","40e26e48-ef85-431d-ace4-3c33570d1d3b","0,0,0"
"lovVlku_rogue_1","4cd2309d-a934-5a2a-2a26-33f9310079a9","ac3bf77d-35bc-440e-8ee5-50a855bcd6f6","0,0,0"
"ttkc_bailiffSon","f696c40d-4927-432d-b07a-1456518df343","94c3e852-853c-4c84-a0e5-8ea5f36d51aa","2225.3088,1954.3667,99.549225"
"vezniNaTroskach_tapo_soldier_21","f6151c94-83e6-4d51-bb16-53b6f89aa781","f004d9ad-92c9-4e6d-93e3-34b738e06d0e","0,0,0"
"ttro_closedCastle_trosky_11","48723ad7-5928-4bc7-8922-c03973c03f39","44e3523f-e107-4e0c-8637-80a9f048bf3a","2542.917,2618.6201,182.06081"
"nebakovObrana_attackerGroupA_2","d47be300-4dd0-4dcc-bb53-d276cdf387f8","79276700-fbfa-4462-b896-e48c07a3318e","0,0,0"
"prepadeni_bailiffsGroupHorse_11","f5f818ee-8cb1-4a5a-8d2d-b20ceea8ac59","ac7af82c-afd1-48f7-b8b5-cbe784c6fd49","0,0,0"
"utokNaNebakov_feast_group2_animchar_5","6df8b9de-9d4c-4adf-8dc6-9950a7d878c4","cfaf0aab-ca2e-47b9-a597-6e51a204c2c4","0,0,0"
"malir_wolf_1","47f16f25-8bd5-4444-b406-b3077edb884d","63a95318-4261-4f90-a498-d35e9afda53f","0,0,0"
"bohutovaVlozka_horseAtMill_2","f57e9f24-f32c-4dd2-8ad7-312ed54f3d56","90530105-d630-4b6e-8beb-a8b852057fa3","0,0,0"
"tneb_mikes","d8c2149c-3767-4a43-8c5a-8c9fcb1a6b58","d8c2149c-3767-4a43-8c5a-8c9fcb1a6b58","0,0,0"
"tneb_man_26","4c2c3dbc-db83-35f8-b989-3b312cbd5883","4efc5bda-5af9-9089-d095-46bde89fe299","2095.0466,1268.1116,17.501808"
"ttro_horse_1","f5652103-2d2a-497d-b9fd-58d4beda58a2","df5c30d0-2847-47bc-a941-91dc25553779","0,0,0"
"nebakovObrana_attackerGroupF_9","368d8ce4-953c-46e3-99de-bfec44d804c3","a6d5ca39-aabc-48ab-97cc-540ede1fdd29","0,0,0"
"utokNaNebakov_valley_deadAnimchar_25","f564f427-a321-4a25-92ed-52c274a3c9d0","44fd2442-509a-4283-b251-f76ec02725d0","0,0,0"
"ttro_man_51","f51c8c77-2b92-4b39-9a76-73ebf55138f4","c545a6ff-1920-4537-91de-a5dfd8b7ff3d","0,0,0"
"rasuvUcen_ambusher1","4bbfa9c3-f9e3-52f0-14f1-d9c43d64ffb6","47c5de63-d3ae-d6db-228f-b899c8fc6583","0,0,0"
"ttro_man_79","c983e708-ba87-4edd-b734-961c4c4327cc","d2b4cbf8-9ebe-4ddf-a2d8-6c281c13812a","0,0,0"
"utokNaNebakov_valley_shooter_18","955d0f05-d824-402a-8440-9d9563f1e839","3f89e6c2-eb57-4c6f-bccd-2092d0699289","0,0,0"
"utokNaNebakov_valley_deadAnimchar_80","f506aeb1-0af5-4d23-8e51-6b3ae1202659","73e4645a-5a0f-4532-b019-e216a1119380","0,0,0"
"vezniNaTroskach_tapo_soldier_47","56878490-3f87-43ed-8b17-0e02ac64a2e9","0b7a5b60-f2e4-40f9-88ff-8c832502a93c","0,0,0"
"utokNaNebakov_guard_1","b9ae12fe-7223-4170-b5e4-c6777726b835","756360b2-1459-4ae1-8af8-277f9bd8424c","0,0,0"
"tpod_dog_1","c8332226-ee0c-4ef7-9029-d988926b475b","3d14fb20-dfad-4b6f-b28b-e0f9398e8e08","1142.929,1385.392,10.66801"
"nebakovPruzkum_herynk","f4f05c70-fa06-4e68-b390-0857fddfa1bb","f4f05c70-fa06-4e68-b390-0857fddfa1bb","0,0,0"
"tzda_man_9","f4c76bf9-40f0-48da-a29c-0b3c8926715c","aefb7006-ca4d-4d4e-b624-b351459806b4","2191.4729,1593.8807,28.445063"
"tbuk_neoznaceneHroby_woman_1","bdc91a28-4e2c-48e2-a091-e279e5a3162d","26a0ba34-6965-42b3-ba4d-ff91bcc0e90d","1574.782,2707.5239,65.840828"
"ttkc_olina","492c591a-2b20-fb44-7918-8eaa5867dbb2","4916e02a-fbbd-6545-c99b-9b7d7edc2486","2237.0005,1974.9314,100.64657"
"tsem_racek","cb62d11c-a581-48d3-9421-31932491f2f2","cb62d11c-a581-48d3-9421-31932491f2f2","0,0,0"
"vezniNaTroskach_catherinesInformator","f4773462-a20e-4fdd-94ac-c9619ff070e0","6f091ea5-4d3d-42af-a6ce-6d212be1dc2c","0,0,0"
"tpod_zink","45f6074c-6f6e-e538-b77b-efe068130287","4ae525ca-6f90-4cf7-7eb0-de1de9963992","0,0,0"
"ttro_man_67","f457935b-b538-40f3-ba75-11ee0986dfda","ab7200e8-b86c-4eaf-83ad-e447fbbce0f0","0,0,0"
"nebakovObrana_attackerGroupF_7","f39bd34e-57ee-4818-b1d6-80de0f2d74ec","d217926a-21f8-48cd-8d4e-236285b2ae85","0,0,0"
"tkop_man_2","7b923bc9-5107-44a4-81cb-7ce1c0fae031","81a2ef00-57d1-4759-85a4-3f79d888dd63","2392.7473,3014.5874,99.600082"
"socky_cutscene_deer","e4cd63ca-d317-406c-aac8-42ebcc054f48","da0d6dc3-9584-44f3-8995-b344cd458d44","0,0,0"
"tsla_woman_1","4e5368d0-1a78-41e8-ccaf-999f38a9f692","4e9bdbd4-885f-b50b-3940-d9ff9a000382","2528.0588,1529.8054,85.835014"
"utokNaNebakov_valley_deadAnimchar_62","f2d37ea7-1646-47cb-aa96-641b9a16d95e","73db9749-1075-4915-b917-8ebf1cee3993","0,0,0"
"ttkc_man_3","4edf835d-3ab9-0b89-9d5a-299463594e88","4b4c6520-21a6-6125-d814-564837f165a2","2299.085,2050.6348,107.77397"
"ttro_man_80","f2864f7c-21ce-4263-933a-a053359ffb2a","67890173-3ed8-4fbc-a08a-f2d545a84755","0,0,0"
"tkop_ptacek","4361beac-9622-8880-2415-63a87e8d2d8f","4361beac-9622-8880-2415-63a87e8d2d8f","0,0,0"
"cow_static[animalcare/cowCare4_126c7dfa-af21-41b6-bd77-3d7c9bdf3f24]","5adb6bb8-9247-4251-aad1-7d2f205850b5","979a19e2-6bfe-4878-b9d1-84a20bbfd83c","1425.634,1580.886,64.215439"
"tbuk_zibrid","43ba9a13-07cb-1352-44c6-f1fd4f23808c","4cad58d3-6d39-ab2f-418b-0860343697bb","1985.037,2798.6699,118.7927"
"tvez_horse_7","f23ea4ea-14bd-4e5d-a037-2f6decacadfd","8b2c12ef-a87c-492a-9adf-2b8e917c7e3b","895.16107,2005.723,13.78037"
"vezniNaTroskach_tapo_soldier_28","5f19531b-5a11-4786-8bed-8ccee4123adc","c6050959-4de3-4e1e-9a4a-3ff63baf017b","0,0,0"
"ttro_man_69","2a65e48f-a29e-4d9d-9645-defcaf4cbbff","88f31d56-83de-4272-a9ca-c5aa1fcdfd6b","0,0,0"
"ttro_baba","4b3c18d6-de74-5166-b249-a31e808930b1","45ed04f7-3e1e-f3d1-6a8c-aa75d4d88d82","0,0,0"
"tkrc_nezahrabaneMrtvolyWolf_2","f2287b9e-bb7e-4983-8c56-fc9c052dc776","78d17f64-eda5-4147-a387-e2d15bad207a","1081.7371,2246.6279,39.42812"
"vezniNaTroskach_ttro_pannaSoldier_1","2842d93d-d4e5-425d-ade9-c76f199ee656","5da96284-8bd3-4ec8-b6ce-12fd064d906c","0,0,0"
"zbranePanaSemina_moravak_5","f009d0e0-ed47-49d9-992b-627729466700","8311634e-9c50-44ec-b011-3ab436d047be","0,0,0"
"tvez_divozenka","f21bded6-ffdd-450c-a3ba-9ce23e5dee78","a4797b3c-898e-4da2-bc25-908f3f3987ca","742.7453,1659.988,28.471581"
"utokNaNebakov_feast_group2_animchar_6","d8160d2b-d670-4ee3-aeaf-ce4a42639cfb","614de8fa-cab3-489d-9324-644cd24e45d4","0,0,0"
"prepadeni_bailiffsGroupHorse_12","ddc04103-d3b3-419d-9f60-ed44db727ee1","200c0256-9472-4ded-8237-a5915e12df9e","0,0,0"
"hledaniPsa_secondPack_wolf9","ecc7bab9-2cbb-4463-8d23-5b3dcf9929cd","5713d83a-7252-40a5-8dfb-502e2d77af9a","0,0,0"
"malir_wolf_2","4a8ebca9-41e7-436c-bd42-e804b53d9c18","aa809859-f8c1-481c-a711-117db87293de","0,0,0"
"nebakovObrana_attackerGroupA_1","f1789a4f-d20a-4547-94fc-328c68ecac2f","78c1dd59-85fb-4591-9a1d-1394e54687fe","0,0,0"
"vezniNaTroskach_tapo_soldier_51","a62606ad-f672-400b-9d06-8c7a397e08b5","25f9c5b0-ba93-4146-8104-1b6dcd3434ec","0,0,0"
"utokNaNebakov_valley_shooter_3","f174c81b-7290-467b-b319-3077d03fb88e","be2034e2-7897-4bc3-883e-484f71acbdb1","0,0,0"
"rasuvUcen_wildlifeRun_wolf2","af215512-8280-478d-89ad-37b13e1a5a3a","1bb15638-bc1b-48d9-86d1-b24e5e38e4fb","0,0,0"
"tzel_man_12","e502c051-ed47-438f-8dbd-5458fc694093","5927ef47-3d33-4483-8316-ab3247f7aa4e","1646.097,2148.8928,41.725395"
"nebakovObrana_deadBody_1","f1534c45-f39d-43f1-8165-9cd5492f9c33","bbf396e5-3806-403d-8e7c-0d30d87e9dda","0,0,0"
"tzel_man_11","739323a6-3a09-47bc-abe3-3c700b8b0c37","7f37a899-4907-4afc-9f2b-d0b06d95fed8","1603.366,2219.9998,16.350069"
"tsem_suk","43b34929-f7bf-95f9-55b4-a23b90df7587","4cbf7572-6737-6992-ec40-b2cd8724bdb6","1646.1711,1547.5082,81.532463"
"rasuvUcen_wolf_3","ef10258a-472a-4e6c-8ce3-16b1ed17a0c1","217e01fa-875a-4d62-ac12-08bcb0424e86","0,0,0"
"nebakovObrana_beforeBattleMeleeGroup_6","f125f98e-1189-4510-b4b8-3f7d2044f3f4","00000000-0000-0000-0000-000000000000","0,0,0"
"pytlakPtacek_camp3_wolf_2","2459b841-f766-4f82-92e7-53e596bb0201","cba99983-c609-46e2-918f-f2a706c31c34","0,0,0"
"ttkc_jezek","48c8d57d-f5d4-97dd-ebd8-3df827eea8a1","4401c793-6a8b-0338-2dea-d03e28a800b6","2246.9075,1995.2314,102.94019"
"tzel_horse_2","e441dd1a-017f-413c-8fb4-e2ec54f4ebc5","61ef96c9-b114-45b1-bfbb-43fba2733752","1749.4961,1970.7123,41.703682"
"vezniNaTroskach_tapo_soldier_63","f11c3694-ef60-4467-8432-dd84b6186e03","b8f2bb9e-82b0-444d-bcb8-598778296a02","0,0,0"
"utokNaNebakov_valley_soloDyingSoldier_3","f0b08c5e-d3b7-433e-b1ef-46b0c94ea4e8","b0c5e3c2-b948-4031-bd66-3ea378b1ae4a","0,0,0"
"zaby_sheep3","49b8bdfd-05ec-371d-5d3c-388ce9fe418e","49b490ff-f500-5ed6-dedf-1864944f2296","1892.421,2477.593,98.502159"
"animal_cattle_cow","f07ed63f-a474-4f53-84b8-b3fe3bc2ca51","979a19e2-6bfe-4878-b9d1-84a20bbfd83c","129.28081,3824.925,86.09182"
"utokNaNebakov_feast_servant_1","19e56216-23e0-40c1-ae24-da0a560ec5c5","07a411f4-d06c-42cd-8c68-fb2beea7e274","0,0,0"
"vezniNaTroskach_tapo_soldier_43","3a33fd28-0786-4274-87be-0fbda5022706","08b0a27a-197d-45cd-b18c-733d4cd244e0","0,0,0"
"nebakovObrana_beforeBattleRangedGroup_4","a821d9bd-23c1-4f09-8723-cb1abc5bc539","c12fa624-2b9e-4e61-a416-9c1d685c29de","0,0,0"
"tneb_man_9","4fe4d728-88db-76fd-5b6e-b2bb13f2cb99","47bb9ac7-124b-e5e2-c8e8-58da176d9494","0,0,0"
"utokNaNebakov_guard_5","f0190dc2-ca5f-40cd-9820-ae7a363f208e","1e581b35-2469-4eb1-a45f-d8e15af41e7c","0,0,0"
"tsla_man_2","4c5a4ed7-c28f-293b-4e2c-9cbf3332afb4","4166b913-6b12-1965-cbb6-509a49250ba6","2540.303,1526.114,86.160278"
"utokNaNebakov_valley_trackviewGroup1_enemy_2_rec","12370eec-9d88-48ee-8fe2-283691f2197f","ebaaae36-5008-4c97-9362-17a73bcb0363","0,0,0"
"animal_red_deer_doe","2c74776c-bffa-41a6-a97b-b8653ce11efc","03501abb-222b-4b7a-a0ba-6e7fd33a4fb8","123.4688,3829.6741,86.051537"
"nebakovObrana_attackerGroupC_7a","efabe1a5-c375-42de-be3c-de9970e69727","4c9a8385-80ed-4bec-89af-f46d543d16db","0,0,0"
"utokNaNebakov_valley_deadAnimchar_92","7befc429-a024-4783-b9ae-0ba672069f59","759fa4a6-1e58-43b8-8b43-c6e052ba8c89","0,0,0"
"ttro_man_43","34836037-1bae-45eb-bad5-8d1ef7bc0aca","41c88b11-2e30-416a-882d-f70cfafb408d","0,0,0"
"nebakovObrana_attackerGroupB_27","ef75d5f5-18dd-43ba-90ff-6f24ea969433","d25ef7d9-b2dd-4cf7-8082-796607df31c6","0,0,0"
"tpod_kumanskaDruzina_man_1","ee9c4aa7-2141-45c3-8848-a0696f6415af","6591d3cf-f1d2-429a-b544-b66b1184baa6","1570.1394,1219.684,31.758736"
"tzel_man_9","ee72c366-ec2c-4060-8fef-70bf13f62cd2","affe701e-86b4-4e38-a0d6-d331f155a316","1834.989,1932.9871,45.214161"
"ttro_closedCastle_trosky_15","0c85004b-87f9-4d51-a6cc-92136a0188f7","c129ed80-332b-4d44-b8d0-e9292dca5655","2542.917,2618.6201,182.06081"
"vezniNaTroskach_tapo_soldier_25","ee0c6a8d-c924-4c4d-8e4a-8cbdf5dfd3b3","67135e61-61bc-4567-8ff4-e2651d9e9a60","0,0,0"
"nebakovObrana_attackerGroupC_1a","7ef3618f-b795-4fd6-b552-81a44a2e81be","b12ae895-d31b-4aeb-8b14-0ed05a31000b","0,0,0"
"utokNaNebakov_valley_group9_enemy_1","e25dd3a2-b962-452d-ba8f-1a6fed14a9a6","8a5c9cf9-3de5-473e-b3f4-0536a85b4f82","0,0,0"
"ttro_man_65","edfda9fc-9f1c-4116-bb11-91e9500eb5b6","06e201a3-7bdc-4779-9c97-5887cbbf7235","0,0,0"
"tbuk_man_5","a6aa8f22-865e-4643-9ed0-0e0a87003c6e","82d455d8-5a4c-4210-8cc4-b11c363bbd27","1830.3258,2974.4114,56.150253"
"utokNaNebakov_valley_shooter_27","edebc9b3-2b52-454e-9732-ada78570795a","56f48700-43dc-494e-bedc-32c1a40cefab","0,0,0"
"utokNaNebakov_valley_group3_enemy_1","d8e15f3d-f2c9-4350-9244-997500134253","795ff15d-7c7f-4841-a410-8beeba2b34b9","0,0,0"
"tpod_kumanskaDruzina_man_2","eda3084b-02cb-40f4-b9ba-4b7b6e26b4b6","b69606ea-b7c0-4cf4-88b9-931f64b9ba6c","1563.7239,1218.6991,32.020168"
"ttac_henik","4baab445-3550-9a53-de0b-8dfb4f458792","4e66cb26-1531-3f85-7f1c-6b9126491b8c","2037.2767,2502.488,114.98587"
"ttro_closedCastle_trosky_14","23beea24-6011-4c16-9a93-862960391df6","77ab5276-895a-4f6a-bcef-e12bab2be905","2542.917,2618.6201,182.06081"
"taboryLapku_karlik","425b4a8a-4a00-44b4-9e9a-2a0678964e47","5dbc3051-feaf-404d-b880-5c28552d8887","0,0,0"
"vezniNaTroskach_tapo_soldier_24","ed9b3d84-6b86-4061-af9f-31f7a18eda0b","af275562-d8b8-41ab-9708-a0d1223068f9","0,0,0"
"utokNaNebakov_feast_group2_animchar_3","ed58fb07-a69b-43a7-8e74-141d95d8ed20","563353c1-eda4-495c-8c08-9ebb18a17c22","0,0,0"
"prepadeni_bailiffsGroupSoldier_1","ad20ef98-ad62-45a4-9e1b-21e3c9521b31","bd297d9f-32c4-4465-ae63-e5b6cbd1d42f","0,0,0"
"tneb_man_1","4f33de2f-0a3c-87c0-845a-5acd41644ab9","4c84a9d3-4598-45ce-61a9-055f7e7ba681","1938.968,1176.3988,51.900848"
"tneb_erikHorse","ed5215e3-b87a-4473-a1e8-eda382317212","7b6b77da-649d-4a2d-826a-9e227883fab5","0,0,0"
"vezniNaTroskach_apolenaHorse2","cf73006a-b530-4b4f-aa9f-84cda2935702","f6e89ad0-46e3-42ca-9cb4-dfa0715cc36a","0,0,0"
"utokNaNebakov_valley_deadAnimchar_72","738b8b7a-d916-4430-9641-1c91c8fc46f3","85d24804-7bfd-4e94-abb4-0db3810da07a","0,0,0"
"bohutovaVlozka_eriksCompany_man_16","ec8213d6-7ae7-48ad-9502-536df30074cd","ec0cc56e-b746-4b42-a93b-5735962a0e8c","0,0,0"
"utokNaNebakov_valley_shooter_2","d3dcd1b2-b064-4651-aed8-f221fd7c5640","2cf0930c-0eb5-4aae-84bf-f7a438dfe465","0,0,0"
"vezniNaTroskach_tapo_soldier_50","ec2c6573-7df5-432e-85ce-8889362f9b2b","a1fa873f-1dba-49dc-af84-14dcc6deeea4","0,0,0"
"bohutovaVlozka_rowdy_1","84778707-a1b7-41a5-951e-43c07febbe31","51ea9c51-48b0-4f44-bedb-081f252b6ba4","0,0,0"
"ttro_horse_7","ea6dd53d-e613-40bf-8e7a-fb62821b624b","7c7619c4-a39e-4d5b-9027-7c50fcbd5288","0,0,0"
"nebakovObrana_beforeBattleMeleeGroup_22","755a4ce3-f7f9-4691-8252-6d51b68fd017","00000000-0000-0000-0000-000000000000","0,0,0"
"ttac_woman_3","4a32fb4a-0211-55ee-a5a7-ee298d58a1a9","48de9403-4fa6-32c3-7dd7-007ef5dc1489","1972.8269,2527.8396,117.21341"
"cow_static[animalcare/cowCare1_2c6d2fa8-aa21-44ee-8c7a-d6f0d949a499]","d809dac7-1297-419c-adca-29be49f3b97a","979a19e2-6bfe-4878-b9d1-84a20bbfd83c","1985.803,2587.394,123.6177"
"nebakovObrana_attackerGroupB_2","e9839c90-a244-4ef0-9c83-73624836ad15","1044a0c7-0303-4c7e-a026-2086fb44a397","0,0,0"
"bohutovaVlozka_eriksCompany_man_4","34ecdf76-4526-4d55-a36b-bef047029a95","38b66a27-ada1-4af9-954c-d923770d4c39","0,0,0"
"vezniNaTroskach_tapo_soldier_77","e96bdc3e-9b3d-42b2-968b-99f710eb2d26","9d886ea3-33da-4a68-ab89-d18945c76e8f","0,0,0"
"tsem_dog_4","7874dff5-d60f-48d3-8629-d1311bff7f93","854e6722-f5a6-47f3-a4d6-03b9943dce62","1700.7841,1792.723,68.223938"
"zaby_sheep9","47eaf902-007b-707c-2c12-1369de24d4b1","4673815e-43d1-79b1-2bba-38268b0b76b8","1892.421,2477.593,98.502159"
"tzel_horse_3","e8bf22f4-e6f2-46d6-8a71-9705f8b2747c","830ce484-c6fe-4adb-b73e-7955dbc84d48","1752.0107,1975.8831,41.703342"
"pytlakPtacek_camp3_wolf_3","9d4d72f9-d31b-4f9c-a03b-a04d8f329440","3a4ae2e4-74d7-40b1-9def-56a595eb9637","0,0,0"
"lovVlku_firstPack_dog_3","ad20d5fc-31a3-4f32-98b2-c3dc7a9fbb36","d15b1105-d9d5-47cc-82f2-7ce7c00af599","0,0,0"
"vezniNaTroskach_tapo_soldier_18","e871d630-426e-4e5a-9ec0-e0296457ee13","7133720c-cfdb-43b4-86b4-c3006e08455a","0,0,0"
"ttkc_woman_6","41ad6a3f-603e-f42b-cb70-35c0b57ade91","4763a986-8361-a712-61d9-bf6dd706ddb6","2247.4885,1970.6469,100.53234"
"prepadeni_banditForDuel","76ecb456-84f8-4e10-a920-c2ebb0787323","82aebffd-724d-43d2-9a6b-0dadc0d27062","0,0,0"
"nebakovObrana_attackerGroupB_30","d6732dd8-9b9b-4cab-a514-a547a0fb35e3","15057ece-fb38-4a7d-b5a7-4f64513661ef","0,0,0"
"hledaniPsa_firstPack_wolf2","8515e61e-bbb5-4313-9f47-fbccd2d46b1a","61570cf5-b863-4233-a569-7dcd1aaa225c","0,0,0"
"ttro_man_54","7ce6c19b-a3ad-4a8d-b970-571390bdc1c0","3726236a-7cfd-4550-b6a5-4abea51276ad","0,0,0"
"vezniNaTroskach_tapo_soldier_64","b1aac7e1-c57e-4160-91dc-1f362c8ca6fa","cbc1feb6-1c31-4373-84f4-25e8019dff55","0,0,0"
"ttro_woman_8","7a84b67a-61a3-4dd2-8a05-d0725f2afcfd","59100ca6-b52c-4b70-928b-cd234e48451e","0,0,0"
"tzel_horse_5","e865a392-d41e-448b-abda-a5bf54aa3b4c","4f6215e4-9390-4d60-9465-57674f1805bf","1654.5706,2134.4922,34.120972"
"prepadeni_bailiffsGroupSoldier_3","e72318a8-9935-4757-9e8f-16c090c56421","59206f48-0500-4d6f-9f59-5b08da55a625","0,0,0"
"ttro_man_77","0e694467-9f36-464e-841a-af5f243d706d","38859dc5-62a0-4c74-92e4-dd8e30ef7cd2","0,0,0"
"tsla_nomadHorse_1","e67abcfe-83f8-4b81-98ab-231ecfd23f61","08f0e26f-ebaa-40fb-84eb-b442341bf8cb","0,0,0"
"nebakovObrana_attackerGroupB_13","69d08506-b2da-4834-bc87-f502a9a110f0","2cd2b3d3-f38a-4de1-97ea-fe58c896b2e7","0,0,0"
"utokNaNebakov_valley_shooter_16","85d8ba04-75df-4584-bb13-dee9f369b042","16518f92-b447-4260-9275-69cfe0333563","0,0,0"
"tkop_vrahBandit_1","e59b4b8e-0f02-4971-b89c-9066ac249d68","7324b714-b57f-4c2b-a3d6-4d43894a3c37","2699.1479,2762.3345,128.00008"
"tneb_horse_2","7348b7ed-9867-4af8-a56e-9cda44c4a3dd","a5bc4a54-e900-4127-af1e-70b2f83ec5b6","1961.459,1170.782,53.077061"
"utokNaNebakov_valley_deadAnimchar_85","24fa200b-1560-43d4-a445-b4c6efec3449","1faa132f-42f0-4446-9a85-ab56ae1ce39a","0,0,0"
"ttkc_inkeeper","422f65ff-6e09-de8d-3205-550338b858b2","49c11722-a739-3e79-4c88-99ceb4b74eb3","2335.3586,2080.8567,110.5"
"utokNaNebakov_valley_trackviewGroup2_enemy_1_rec","a0dd6c57-53c6-431e-8650-61ee869d920a","494b5f06-5c64-457d-b6bc-6cfd360cc34c","0,0,0"
"utokNaNebakov_valley_archerBehindCarts_2","e5619eae-3d2b-4cdb-8641-1d10f4ed55a2","33e427b1-7c3c-48fa-9706-ceee66d47f7f","0,0,0"
"cow_static[animalcare/cowCare1_98f8048c-8f9e-42e3-9004-0d68897b8377]","b659b621-4e36-45bf-83f2-5dc9a1425296","979a19e2-6bfe-4878-b9d1-84a20bbfd83c","1123.4139,1393.342,10.75097"
"tvez_kobera","48fa5762-407a-b701-b9d6-64d6be317bb5","46e7573f-32aa-a56a-3481-ba8d7e0b1db1","1033.7738,1869.6532,30.139734"
"utokNaNebakov_valley_groundDaggerKill_1","d85b3c79-8c3f-4070-a998-d717057b701c","b9fd7c1a-cb83-4ab2-b063-18ae28e570b6","0,0,0"
"prepadeni_horseTomas","4fbb3b69-5caf-2472-7dad-858a2136818c","496d22c5-ab39-ffec-c71e-c0734e2a539c","0,0,0"
"tsem_dog_1","e4e8951b-0c43-474f-9f4f-5f0723dc93ee","5086dd70-2a5a-45fa-ae77-d1b641159ab1","1615.3929,1555.411,78.243584"
"bohutovaVlozka_eriksCompany_man_1","75de685e-bf87-4c7b-a05d-b0749e9e434d","f0d5bcee-d054-4e25-a38a-45e9997b9a7f","0,0,0"
"pytlakPtacek_poacher_2","4715269b-c50e-5450-c4b9-a03669a48cae","4e3d6f1c-1b88-e234-02b8-f1fa4bce5585","0,0,0"
"vezniNaTroskach_tapo_soldier_20","da3a78e3-250b-419a-83e3-17b49aeab52a","b57f6d16-1093-4803-b372-797c529325e5","0,0,0"
"ttro_closedCastle_trosky_10","e452f278-0bbd-4667-9cb8-4f23627a480d","022fe176-a6d7-4b39-93c8-ca8aebdf038f","2542.917,2618.6201,182.06081"
"lovVlku_forthPack_dog_2","98801b3b-e61f-45e2-a7a6-85866916e6a0","c8f31a72-dc49-4e73-bcdc-afed0ca4249b","0,0,0"
"cow_static[animalcare/cowCare5_f2fb4aa1-fa41-433b-9b2c-3ffd48b9f1f0]","e40a109a-ffc9-4256-87af-0368759dad8a","979a19e2-6bfe-4878-b9d1-84a20bbfd83c","2551.041,1518.6801,85.905296"
"utokNaNebakov_valley_deadAnimchar_8","e3c6acfa-8ba0-4c37-8f26-705ace486d4c","216493c9-af61-4306-9108-759b7587ed2e","0,0,0"
"ttro_pista","4d106f60-c18f-71c2-0aa5-53d2dda32699","46c0e15f-70b6-4898-55ef-d8984d5715a9","0,0,0"
"nebakovObrana_attacker_tobi","bef74850-64bc-4813-a91d-ba701dda4def","ce1e158b-5428-4cd2-a391-46149c1df9c8","0,0,0"
"utokNaNebakov_valley_shooter_8","69bcd02c-db12-49a0-9a8a-39dc2a9ce4f3","dc75eb95-23f8-42cf-a3ae-fb3cd39af7fa","0,0,0"
"vezniNaTroskach_apolenaHorse4","e39d4e7b-903b-4ffb-9759-78b384c32fad","b223fdf3-01f7-4db3-9407-cc4d9ae2584e","0,0,0"
"utokNaNebakov_valley_deadAnimchar_74","8499115f-65ca-460e-9f9d-d16f5aae745c","7f574880-15cc-4233-afc7-74e4660ab235","0,0,0"
"nebakovObrana_attackerGroupD_6","c8a4923c-1ef5-4d49-ac24-90a61ce84e3e","791ea023-6513-4740-bc06-30d4819a1dee","0,0,0"
"tvez_woman_2","4d6992aa-bfdc-50a7-9f73-044ea5de978f","488e80ea-f98d-d0e1-8dc7-4359d4701b8d","1083.7271,1914.908,29.938129"
"utokNaNebakov_valley_deadAnimchar_33","e37983fe-e59e-4072-87dd-ef6128f2949e","c571005d-ddcc-4de1-94cc-2c3fa3b449dc","0,0,0"
"vezniNaTroskach_tapo_soldier_11","a1641e67-890a-4907-8c22-c909ca62402d","773c5759-9176-421b-b354-03c807a3b98d","0,0,0"
"prepadeni_banditWithTorch_1","e3669d8a-b05e-442d-9dcc-501d89010fef","75ec27f8-509b-4285-a295-350130519927","0,0,0"
"utokNaNebakov_valley_deadHorse_1","ba9806bb-b21c-47ec-85fd-bb19c872ca99","76a65c2d-1d1d-4a06-a804-9adc369ebfb1","0,0,0"
"ttac_dog_2","cd5a84c3-777e-4ac4-99a8-154ef1b7d54a","182a8126-66cd-4a39-bb14-18097a9049d6","2036.932,2496.4409,114.908"
"tapo_kasparBandit_4","e2487881-4cfe-4e53-a6f5-0c0912cd6534","cb6d7242-d1c5-439f-8a59-8eef6644f8a7","2787.8972,2580.8787,129.48117"
"vezniNaTroskach_tapo_soldier_30","5f7746a8-5a11-4c05-9c76-03d7a777461e","8a08b673-16fc-470f-94f5-7b9d1fcb79a5","0,0,0"
"utokNaNebakov_valley_trackviewGroup1_friend_1_rec","e1f5ebed-e102-492f-b814-25a9947193fe","99a78c59-cca2-45ad-8a81-8d55ede35a35","0,0,0"
"ttro_man_66","94162ccf-771c-40aa-a267-f65cd0372736","6a506c85-4101-4e91-8442-77fc3f5a08a0","0,0,0"
"tsem_sedivka","4e5abeff-f19e-0eab-0921-a24611c4ad8f","4e5abeff-f19e-0eab-0921-a24611c4ad8f","1591.448,1527.446,76.467117"
"utokNaNebakov_valley_group9_enemy_2","e1cd5c39-7275-43df-99f9-56f0b06f90a7","283d6354-79d4-43d8-933f-e301a3b5d998","0,0,0"
"vezniNaTroskach_tapo_soldier_6","b83a761d-3677-43b2-8ba2-be7d0782c8c6","a82768ef-f411-44e1-b68b-f382f675fca8","0,0,0"
"ttro_closedCastle_trosky_5","d889a6ba-c283-453f-99c8-caeed08ec24a","19605c16-62b3-4667-a4f6-0e5f3eee1704","2542.917,2618.6201,182.06081"
"kocovnickaCest_bohus_cutsceneDouble","e1abe532-857f-43dd-ad78-73c03eedefda","6100c879-7ca1-4ab6-863d-17c80fd0ce50","0,0,0"
"tpod_man_2","453b1ad4-d8d2-0545-0cb7-a11fb831549c","428fd2f8-3375-8c44-76fd-500267be039c","1210.8314,1543.5206,60.486225"
"utokNaNebakov_valley_soloDyingSoldier_1","e17a6e4a-c0d7-4214-841c-df78a15e87aa","bdbe36d3-4020-455c-b136-9e2e58bd8b07","0,0,0"
"zaby_sheep1","48ec41db-f267-99ba-6e92-c3ff3e977db0","465f708f-1197-9848-1501-a3322ad820ac","1892.421,2477.593,98.502159"
"animal_hare","5c18f016-d09e-4a7d-8e3a-a3ab31eb5868","b19979de-14fe-4fbb-ac06-893366032cf3","128.2688,3835.3149,86.101311"
"ttro_man_75","b8d5b0d0-5335-40ef-ba7f-e26a2b6ac7df","df5a655f-10a9-4cd3-8096-5c058d8a114c","0,0,0"
"nebakovObrana_attackerGroupB_11","77a26fc8-46b5-470d-9355-29849b5464d9","842e2b99-2ecc-4657-9312-5ab9deb35447","0,0,0"
"utokNaNebakov_valley_shooter_14","ae9fb22a-b1be-4eff-8d82-1ff296c606e7","5277e536-8258-4df4-88c8-bc9f39021e19","0,0,0"
"nebakovObrana_attackerGroupE_1","e11b8420-899e-4b78-8096-6a1a42eb70b6","b4c32e73-94a3-4d18-8916-2cc9c04b3650","0,0,0"
"utokNaNebakov_valley_deadAnimchar_61","e11ae6ed-945b-49bc-853f-321ea0560c98","76e74a5f-20a6-4b17-8db4-10653fab89e4","0,0,0"
"zbranePanaSemina_wagonHorse","e0eac86c-9cee-4182-b33d-4f6cf3b1e585","00000000-0000-0000-0000-000000000000","0,0,0"
"haste_horseMidGame","041fa078-b300-4b0a-997a-c4eea04fe589","890bf70b-8f33-49d2-bed1-fe8948cf8b40","0,0,0"
"tsem_man_22","40d364a5-6c00-2de8-61dc-0b008a5b579c","46356c7b-ab60-1377-e8e4-514c8a8dcfbb","1495.684,1590.3361,71.816788"
"vezniNaTroskach_ttro_pannaSoldier_5","be760422-238f-434a-90c1-704ed56cb397","320874ce-a6ad-4806-b6ae-4388394fa9b5","0,0,0"
"zbranePanaSemina_moravak_1","e0cea5a8-ee2a-41d0-959c-2a0cda00ee6b","23be9439-52df-4ee2-9fba-b173012c1374","1635.3438,1560.0771,81.450905"
"ttro_man_62","e0a1d18d-1e09-4f55-8e6f-de592006421b","1f4a542a-40e9-4951-be86-522e0f101232","0,0,0"
"utokNaNebakov_valley_deadAnimchar_88","8d2340c8-5d6f-4fd8-ada8-67cc02e24c5f","3721d3e0-ea8e-463e-a2eb-96f7845f948d","0,0,0"
"nebakovObrana_attackerGroupE_5","e0a15f01-8a3c-478a-86b3-d146952ebba6","765514a4-7f04-4bcb-948e-c79a93e6a446","0,0,0"
"vezniNaTroskach_tapo_soldier_48","a91a0977-098b-47fc-954f-a89d25175862","8d0ab1e0-f01f-43a6-a00c-f71d0b761ffd","0,0,0"
"tsem_hanus","e06e3886-893d-4f76-bb93-44fb0f0336d7","e06e3886-893d-4f76-bb93-44fb0f0336d7","0,0,0"
"tneb_man_2","4c2c8b5e-6cf4-8fab-ff3d-0052771166ab","4b654d63-e55f-4679-044b-7212d2860d9e","1972.9064,1194.6344,52.818008"
"ttkc_woman_12","e00c2c84-b40c-4ebd-b75e-69b18a9d00c9","04c20c72-b791-455d-a389-d617f2e6326f","2419.0381,2025.0177,110.58589"
"tzda_dog_4","dfff6d33-1a13-4a77-a425-d63222f1fbbc","7d196af5-dfe7-49fd-b15c-d944b014fcf4","2061.0845,1789.8574,76.975304"
"tpod_kumanskaDruzina_man_4","dfdd27ca-eb96-4f9d-8fe3-ebbb0298db18","cc3cfdcf-55a6-441a-bb32-d077bbfbd013","1565.958,1210.8553,32.563484"
"vezniNaTroskach_tapo_soldier_9","dee8d01f-c49a-40b6-838c-2630d3a3dfeb","ddb7fa9b-2438-436c-a63b-9cb2b461f1a6","0,0,0"
"cow_static[animalcare/cowCare2_62d45d36-d04d-45ed-a0c1-7afebaeccc5e]","ded58572-9a85-4bdb-b04a-38f22ccc36c6","979a19e2-6bfe-4878-b9d1-84a20bbfd83c","1817.548,2004.988,46.154701"
"tvez_kopidlo","4e8f4bfb-7920-2eac-7124-eae378d543ac","4275904b-a808-a913-db53-b6c8049fd98a","1031.421,1870.1368,29.970068"
"vezniNaTroskach_tapo_soldier_76","dea5d8e7-a116-4fec-8ceb-729f20d71ed3","9348f58a-817e-4964-a536-573dc99efd88","0,0,0"
"tsem_dog_5","85fbc026-7102-4ec1-a81c-104bbc75daa6","7d922049-a9be-4344-b383-fb79503ab45d","1469.424,1563.833,66.383987"
"zaby_sheep8","4e6791b6-4983-e677-0834-614b986044b4","4a2ffe16-0450-8349-59a2-5dc678e71098","1892.421,2477.593,98.502159"
"utokNaNebakov_valley_trackviewGroup2_friend_2_rec","dd29423d-5ddf-430b-8794-591b98068a56","6d2180f5-49c1-4569-80ff-c236b6a2d81c","0,0,0"
"nebakovObrana_attackerGroupB_8","dcc3f02f-1269-4ae1-8b7f-0b7825042c0a","002b2536-d9d2-47f9-af50-5bbfd6489d8f","0,0,0"
"nebakovObrana_beforeBattleMeleeGroup_23","2c698b51-c8f3-48f9-92c6-0d12428228ee","00000000-0000-0000-0000-000000000000","0,0,0"
"korenarkaZachrana_oldrichDog","dc4bf523-748d-4f96-bfab-6cbb019c776d","a99f4e45-fa17-4e88-83e9-461e88c6ff7a","0,0,0"
"ttac_woman_2","495e671e-9154-bddd-9f98-e8f233e7319b","48627659-4dad-a150-02f4-2314fd6c019e","1979.0559,2504.1082,114.34531"
"tvez_man_13","42c58173-96df-6627-0935-514f42a352a0","4c496b8a-06cf-4d07-e29a-332a85f0bd95","916.8172,1997.812,14.18448"
"vezniNaTroskach_tapo_soldier_59","dc44c268-fe8e-4134-9935-850557236ebe","e02f7d1b-9f4a-43e1-89fd-72abc55e1b7e","0,0,0"
"tvez_vorech","44a28861-719d-9fed-e3dd-b20c479e8781","44a28861-719d-9fed-e3dd-b20c479e8781","0,0,0"
"kocovnickaCest_marika_cutsceneDouble","91c24814-0e05-4883-9113-8b12531414df","3144e896-4a8d-419b-be65-a5f307b6241a","0,0,0"
"prepadeni_bandit_7","dc0d14e6-33f0-4785-bb3b-ff3df1c0a401","69c60d28-52d5-44a1-b77c-2af68066ae1f","0,0,0"
"nebakovObrana_beforeBattleMeleeGroup_11","c6f3293f-beb0-4a9f-9f4c-3e983a4737b8","00000000-0000-0000-0000-000000000000","0,0,0"
"utokNaNebakov_feast_group1_animchar_2_rec","dbbcfb1a-0d22-4e63-b698-32ad9780a4af","57333ec0-0608-4b0a-8304-82008c9e3e89","0,0,0"
"nebakovObrana_beforeBattleMeleeGroup_15","8b743b9a-1f41-4ab0-aafd-fba2a1943318","00000000-0000-0000-0000-000000000000","0,0,0"
"tvez_zizkaGuardPOI_2","dbaa7eba-764e-4cce-be7e-24ea68e7dad7","966c5799-c0b3-40d5-8ecf-662feb15d760","760.13354,1803.3063,34.293793"
"mucirna_vypaleniSemina_man_5","daf3e9a0-bd0d-4fbf-bbf0-066e7fdf64e6","961705ef-49f5-4cb7-9eee-1f4049d17e59","0,0,0"
"vezniNaTroskach_tapo_soldier_58","d9c98282-b18b-4786-ac65-d89d2984d05b","7867776a-f489-4b21-b57b-a6f8c8d33354","0,0,0"
"tvez_man_12","498691d2-806a-e526-e3fb-2ede296e6881","4ef67bf0-e21e-22a3-ec1a-9fcf76836b90","1040.4308,1922.2811,10.61284"
"vezniNaTroskach_apolenaHorse6","3ac402e1-0e9e-4922-b1de-923d3174a74f","bf22d4d6-e3a8-4357-9d7f-45c37b501f6e","0,0,0"
"utokNaNebakov_valley_deadAnimchar_76","879f4ff4-7b54-44f9-aba4-1b9f0abc4450","894cd207-d3ca-4e38-864e-d61d24d723a9","0,0,0"
"bohutovaVlozka_eriksCompany_man_12","daa024fc-4474-4815-8c35-6e9d2d36d8bf","27ff3615-113e-4446-91f6-e68e74c84a4a","0,0,0"
"utokNaNebakov_valley_deadAnimchar_48","da3b9a9d-0ad8-4b73-a5a3-1e8bf8a209e9","4404ccd0-08fe-46df-a11e-41f17bb2a5bb","0,0,0"
"ttro_kovar","4b152b32-aa82-46b5-220a-18d09ce0e1b5","4ab1ee52-bf43-cf0c-7ff2-d692392c9088","0,0,0"
"tneb_zizka","4a705738-fd86-23bd-5eb9-ee16d727038a","4a705738-fd86-23bd-5eb9-ee16d727038a","0,0,0"
"tzda_man_6","da0893e4-b568-4671-84bd-78ba442a8013","94babc16-7944-4729-b13b-cdfb5e51da93","2177.8542,1584.1031,27.282682"
"tneb_horse_9","a6617a58-0be9-499a-871a-1b255e25f32d","af2dd01a-6631-4ddf-b228-48f830fa0faa","1948.4609,1156.4932,53.25539"
"nebakovObrana_attackerGroupA_5","d9e6e517-ae5e-4554-80c0-6bb21216a55b","2601e6c2-c4b8-4544-90a9-08fe23511aae","0,0,0"
"tkop_barnabas","bd77ff66-bc70-48ce-a95a-c8d1a71e7b7d","50982937-7b7c-4ebe-86a2-5cd36dfe3128","2287.342,2963.4419,118.2516"
"utokNaNebakov_feast_group2_animchar_2","6edf0d3c-a0e0-4838-b377-1480e54757f4","5ac0992c-dbb4-47cb-a640-86e60c579d2e","0,0,0"
"vezniNaTroskach_ttro_pannaSoldier_4","d98e3f7f-600d-40d0-86a6-d4584ef9243c","7b6aac80-dadf-414d-8073-c4819f2e5aaa","0,0,0"
"prepadeni_bandit_8","b4ccb417-773a-4b2a-aa8d-6f58b2f96a76","f7b172cf-dfcd-48de-a485-d0c57bb301c6","0,0,0"
"tvez_horse_3","d96920d2-7369-4c24-876f-50ea51514664","ae053778-2bb3-4b2e-b3dd-fdb39b0fe2de","1069.6437,1889.2919,30.085403"
"tsem_horse_2","d8d77544-c9b1-435b-83fb-56e4537d58f3","93672270-8a67-49aa-a323-4bbdc46daab2","1588.1021,1503.813,73.141472"
"tsla_nomadHorse_2","2471e57e-aeb1-4f51-8c70-5fade9dd1cd6","35d35777-3bc4-450c-9d0c-218f906b7b9d","0,0,0"
"tvez_aranka","4019756e-bfa0-04e6-921b-db1304386bbe","47915a63-f607-dcf5-6020-7cd6c94965a9","1086.5508,1951.311,29.488218"
"ttro_man_74","a4696c63-917c-4821-82ac-d726694db622","31641307-8f30-4c59-81c9-b9133891c640","0,0,0"
"nebakovObrana_attackerGroupB_10","d8afa5fe-f2c8-4e82-ac98-1d71e7a96bb4","1c4edf97-139f-4839-8853-3afbc0aac570","0,0,0"
"mucirna_vypaleniSemina_horse_5","d7a4956e-ac03-4232-ae46-e5b175df12fd","0fee6fdd-56b9-4898-addc-94e03b823ae9","0,0,0"
"utokNaNebakov_valley_deadAnimchar_95","d7760866-e21c-4735-b331-58b66a4c1f3e","55e70133-1a92-4fd1-80d5-055decfa7827","0,0,0"
"ttro_man_42","d7229ec0-a2f0-44a9-9d44-f107de730047","be7e7e78-18ae-4933-baa8-f90eef82e6e1","0,0,0"
"nebakovObrana_attackerGroupB_26","538200ba-ea42-49d5-90dc-742eb6668760","d5cdea3f-9176-42e2-bd68-7a912c714c35","0,0,0"
"vezniNaTroskach_tapo_soldier_19","37c39182-3df1-4f7f-bb3e-31d7d5da1070","b8236e40-7f26-4b90-be62-5c18bab664c3","0,0,0"
"lovVlku_firstPack_dog_2","b5cb5b76-e008-4a57-86f7-e58e963e09f4","c3aad4b1-9b26-4146-b1ca-8b1bd79f8c2c","0,0,0"
"tneb_kubajz","4e778b92-7908-d5a3-cffb-7d012f7e66be","45c8e3f4-ed85-89f4-3bce-f79e17f219b8","0,0,0"
"ttro_man_55","d6defad2-f929-46d1-a6ce-133e26255b7b","17c24234-fb75-4b17-9d50-65bd00651b0c","0,0,0"
"tneb_horse_4","ba1f7883-4f8a-4e16-8d90-1cf470486060","e6abb20c-9844-4921-9654-d335b1fa3bfe","1958.642,1177.2581,53.200001"
"nebakovObrana_attackerGroupA_8","d6b950a3-d20a-4224-9bf1-ed01e419062c","5a8b8dce-67ae-4591-b28d-011c5b4492c8","0,0,0"
"nebakovObrana_beforeBattleMeleeGroup_19","d6b3f4bb-ace7-4a29-af75-e6dd3d7053d0","00000000-0000-0000-0000-000000000000","0,0,0"
"nebakovObrana_beforeBattleRangedGroup_8","18383fb7-05bd-4618-b967-38dc620326e5","b27e40a3-ff55-4945-9eeb-5769ca22b9c4","0,0,0"
"ttac_horse_1","caeee8cb-6faf-4dcd-8750-96b5a5faf7fe","584f3e66-09b7-4bd0-a58c-f7350649d60b","2010.306,2533.2048,119.52116"
"tneb_man_5","489ff99e-d8ac-27b3-8049-b2652a764aa7","49f4493e-8937-30a9-3e79-a0fa03c636a2","0,0,0"
"utokNaNebakov_guard_9","d5f94f9a-9f06-48f4-98fc-4ebb302538fb","8b5733a0-46bb-4dda-a36d-385196f5df6b","0,0,0"
"nebakovObrana_beforeBattleRangedGroup_10","654eb7cb-a6ed-4968-8d74-450c9a4796f3","2acb7e04-643c-4300-9fc2-55593ededdb0","0,0,0"
"prepadeni_bailiffsGroupSoldier_8","d49f54fb-8ccf-404b-97ae-d1469221ef51","566a1c72-9c13-475d-9bb3-be3fd3103956","0,0,0"
"nebakovObrana_attackerGroupB_23","c9867ff5-f617-4e10-abac-e78f8decb7e0","640b7a1f-998a-47b8-8a02-1d23305c163a","0,0,0"
"ttro_man_47","d3f503db-b579-4159-8b6f-7741b3126e23","1966af54-86a1-45d0-b15c-2c592bbc9c79","0,0,0"
"ttro_man_28","4377a89c-b07e-e1be-e638-f6836e0fbc8f","44ef1b6f-00c1-1cd1-027c-d21ce12acbb5","0,0,0"
"tsem_man_2","4bc5a1d4-2594-602c-967a-d98d850791ab","4e4ed54e-aa51-0f94-7669-8c0df1840baa","1433.2939,1541.1028,62.377968"
"mucirna_vypaleniSemina_horse_7","b6f0e4b7-bcf8-4baf-9051-18330cecc3c4","07406fdc-177c-4775-ad93-27c50b0bd79f","0,0,0"
"lovVlku_secondPack_dog_2","d3be87be-4261-4a58-8dec-dcfeb35bd689","b653e722-f24f-40d3-a719-3748ce2cc358","0,0,0"
"tvez_lovciPokladu_man_1","d3b4f6ff-ead2-4c75-a05d-036f84aa47c3","c27f1c39-f5a6-475b-8e8a-648fd2cf7e39","1287.8656,1982.0656,61.985958"
"lovVlku_rogue_2","425da5fc-a91f-2a35-9394-04dfd60bcb8d","878cdf50-d4f1-4b6a-8075-9c7c9a58b71a","0,0,0"
"zaby_sheep5","4569b22e-401a-8a41-ca34-7605631eed9f","4aff36d5-d4c2-63fc-ea6e-d4de33d751a9","1892.421,2477.593,98.502159"
"tpod_man_6","d2f61eac-2ebd-4c0a-a812-3cb844207818","28726547-3780-439a-8788-7d7dbf882b54","1078.6963,1228.9622,25.150984"
"utokNaNebakov_valley_soloDyingSoldier_5","70bd2e2f-e7d5-4951-9649-8d5033fcf741","56e65bc1-dd70-48c4-a605-293b0c8a5f77","0,0,0"
"tpod_woman_3","d2ded398-3cad-4ff9-8f28-672b4ca52f42","cbea36af-a25c-4aa0-8ae4-d6b5a2fcc3f3","0,0,0"
"mysi_bull","4d13ae4c-f790-7768-c796-13137ec05baf","4d487693-7193-dadb-8ed2-c125738f21b8","1722.993,2008.496,40.548538"
"prepadeni_horseMikulas","4d0232f5-8cbc-b9b0-3e7b-afb73f0629b5","4398868d-d6dc-3601-b33e-89d1debd25a2","0,0,0"
"tkop_vrahBandit_5","d2dc62e0-a233-4cdc-9e65-e4bf9ebc7ec9","b0d9fba4-2b1b-44c8-bb58-9484d383359e","2685.0081,2754.751,134.9294"
"tneb_horse_6","5a15a458-5daf-480f-94e7-9072e6804729","7ed177c3-db75-45f6-8230-ba7f77be1559","1955.653,1174.884,53.121029"
"vezniNaTroskach_tapo_soldier_60","a8cedbc0-7dc0-4c5a-b744-c33f6201289b","c3f28b80-2937-44d3-a6da-aabe5a908250","0,0,0"
"tzel_horse_1","d26de178-5ee7-462c-8ccc-c4ec2bb80b71","4c687543-c385-40f7-9597-be04db4caf4a","1751.3821,1970.4803,41.703682"
"pytlakPtacek_camp3_wolf_1","bc6fc9df-f5d6-4af0-b9c4-4c8858603ee5","0f628cf4-0a29-4aa7-b1b9-b82b1579734b","0,0,0"
"kocovnickaCest_gejza","44a1d40b-9ee2-d0da-f9ac-2ac36db0db84","448d0aca-6eb6-f62c-d86e-a4cffa85e493","0,0,0"
"utokNaNebakov_guard_6","7b2f5f72-0a23-442d-b923-51520813938e","41b76943-e2a4-4ba6-ad6e-ededd7f3577c","0,0,0"
"vezniNaTroskach_tapo_soldier_40","2b3cab13-25eb-45e8-b850-9191cd20f35c","6f1246fa-b043-4be9-93b2-a0bb05297965","0,0,0"
"nebakovObrana_beforeBattleRangedGroup_7","d229443b-0bbf-4986-96b2-30e58224833f","0d01c41b-0bb9-49bb-b981-50820235d3cf","0,0,0"
"vezniNaTroskach_tapo_soldier_8","d1e6152b-0ea6-4e62-bf4f-8acbcace61b2","60d6eab7-c93a-4ab1-8784-6e4bfcc7dfa4","0,0,0"
"ttro_man_41","b7576b22-e41d-4c41-bb38-13373f6b5201","9ab11aa9-e67d-4b3b-9260-c19689982961","0,0,0"
"nebakovObrana_attackerGroupB_25","d1bdb198-7049-45d9-b774-394f24703f53","df363e82-00bd-456c-8138-358bf2d1064b","0,0,0"
"animal_dog","b3938f3b-7e73-40ca-b768-b3222e34684e","fcfe02fe-7fcf-4919-b00e-193f5006dde7","128.15781,3824.5071,86.102203"
"utokNaNebakov_valley_deadAnimchar_59","d162d13f-d282-46f5-83ee-18fa97634680","150b8853-1c27-4394-9f42-4721288e19f5","0,0,0"
"zbranePanaSemina_bandit_8","90248883-7a8a-4959-8d46-a98226e19b4a","4c2fe6d7-6061-4867-b640-f334256d0835","0,0,0"
"tsem_cervenak","8aceeb0d-29d5-43b8-a9e4-4ecbc9b8e15b","acbb818a-5c32-4606-9405-8b54b66c9a27","0,0,0"
"ttac_man_6","d1528a4f-677c-449c-bab7-7858f15f050e","62a9d201-07d7-4902-a5c2-ba402eb73c5d","2003.061,2537.5859,119.76189"
"tzda_dog_1","95c41300-bcb4-49af-ad42-61b327c1d5d9","41fa0b74-2fb7-406d-ad10-022cadea024a","2032.3101,1531.355,70.335777"
"poustevnik_sebald","4d646bf4-b283-49a7-b811-1b5a8f419b81","6d614555-f2bc-43ff-87e7-7fcf9ef49952","0,0,0"
"nebakovObrana_attackerGroupD_1","5e87ccfd-7918-419e-8779-4f6a6f37c73b","262744df-10fa-42a0-85e1-49172df01f99","0,0,0"
"utokNaNebakov_valley_deadAnimchar_34","8e2b3a2f-94ea-4f63-85b3-d6aaa51e661f","70614cfe-0573-4a83-a5d2-d0ffdf269679","0,0,0"
"tvez_woman_5","d1398ad9-52d0-4b86-b02c-0cd2893efb6b","9349eb0d-91e3-4f48-94bd-6ef73370036e","1084.3442,1932.1771,29.742039"
"tpod_man_7","1f9bd0cb-bff9-4c99-b68f-3cced88b97ca","c1e42ce0-2d9b-4b3f-a563-1941fe36510d","1112.3872,1220.0977,27.605875"
"utokNaNebakov_valley_trackviewGroup2_friend_7_rec","afb92348-f98e-4a41-90c7-1e2764e21296","e12fe615-ddff-4bce-ac23-ea31d9d571c1","0,0,0"
"utokNaNebakov_valley_soloDyingSoldier_4","d0e137e2-80b5-48f5-a537-f4ceaef95e1d","16e7d152-1543-440c-bd4f-fdf43fc94316","0,0,0"
"lovVlku_rogue_3","4c12517c-a9be-d6ad-04fa-c884d9bab19c","be87d466-d693-4696-b923-b61806f9a6c9","0,0,0"
"zaby_sheep4","4a935f59-2369-7140-c7b7-b33b98d05aa6","45ed1e8e-53c4-6b07-510e-ccf5a50aad94","1892.421,2477.593,98.502159"
"tneb_closedCastle_man_9","090dee08-117e-4453-9e5b-f91285c38e3f","c52c6312-1217-43a2-a09f-550012d60bcf","1825,1250,33"
"utokNaNebakov_valley_group1_enemy_2","d0c07f59-2473-4292-a4b7-1c76b4729283","18e3bc13-e44d-4e9e-a8cd-b5a69caf36f6","0,0,0"
"tvez_mikolaj","4eee0a57-ad40-6ffb-13da-8b87e278a0b5","4fc4dfec-f706-16e8-7db2-522512975793","1060.2528,1883.5115,29.496204"
"ksuc_nomadHorse_1","ce8f8348-2a96-4c66-9193-0c572dfce5d0","46340a81-75b5-436b-8a5e-be438c22d854","0,0,0"
"hledaniPsa_corpseRobber","4d2f77b2-2278-48ac-c3f8-99e60cb6849c","4e6ddc06-a51a-c062-ec3e-1d2952dd6482","1306.522,2066.873,11.11676"
"vezniNaTroskach_tapo_soldier_69","b9ecd9e6-c790-41c1-9f69-2b973e270bfe","923a1c6c-c20a-4820-99ff-fdb61574de25","0,0,0"
"ttro_woman_5","cdffd1b5-4c0f-49cf-84c2-cf468111d870","5652e3fe-c358-4d34-89e2-1c15232c9c8d","0,0,0"
"vezniNaTroskach_apolenaHorse14","a006f7fb-12b5-4087-b7b0-3338185b8b67","1853013c-bb85-4000-932b-8002213e1c32","0,0,0"
"utokNaNebakov_valley_group6_enemy_1","cd4a1c08-a1ec-494e-9b73-7da72591ee0b","ab719546-a3f3-47f2-ab16-23285a6163d2","0,0,0"
"tsem_horse_3","ad0e819a-99b1-4285-a8b8-52b67e67c2ae","d918e3e3-22b4-464a-ab4e-0db3bc72a75f","1602.5229,1510.351,76.222237"
"vezniNaTroskach_apolenaHorse5","cc41be82-c5a5-4b8e-86e9-4c5c99390f3a","2933216a-6402-4f48-af0c-6da6024edd30","0,0,0"
"utokNaNebakov_valley_deadAnimchar_75","573ac91d-876f-4265-8d2d-f58376fd2c3c","b2a5fa72-9841-4870-bf7f-89745a58b40a","0,0,0"
"utokNaNebakov_valley_group5_friend_1","2a4cc98f-52ef-4a3b-9e2f-ce0b9a96df3a","c303be68-d4b6-48ea-a4c7-60d32606cf1c","0,0,0"
"prepadeni_bailiffsGroupSoldier_7","527069e8-4c82-4c6f-be45-0d6a1c9dc311","e6449966-6399-41eb-ad48-5e842e4ba53f","0,0,0"
"prepadeni_bandit_11","cae68391-bb6d-434f-92b0-f8bc6f388add","197dd2d1-8d1e-4da6-ad85-adbdbfb7241f","0,0,0"
"mucirna_vypaleniSemina_man_3","c9a7ca77-4afe-43a3-b5de-e55d29f3336b","0a216b08-d362-4edb-9394-f3674f3443cb","0,0,0"
"prepadeni_bandit_5","c98f7b8c-bfb9-4f05-ba7a-7ff9ab43c230","3159db1c-61bb-4218-a83c-2273f2515ec7","0,0,0"
"tsla_man_4","7aa20825-f64a-44a4-9e7c-da8778862a2e","a2ecd2de-4551-4b4e-a9bf-11975b4d3f41","2506.605,1547.15,85.855728"
"utokNaNebakov_valley_deadAnimchar_94","c9004f94-3320-4423-8b5c-f1bc2101515b","517a3ceb-b07e-47a0-884a-dda6d09a98f2","0,0,0"
"rasuvUcen_herdsman_sheep","33ca5046-eab6-44d2-bdfc-88948d8a3c60","7a838a3e-23fb-4942-8d9a-5966f92c0243","0,0,0"
"ttkc_milena","4d343ef6-783b-9db1-be26-fe4f70c095bc","4502d207-09c6-d9a3-5bca-41826d5d6c82","2445.1218,2012.4438,116.11192"
"tsem_horseForSale_1","c87a8eb6-8b70-4866-91e0-0ddd418c3087","73df796d-0a9a-428a-8146-9b4349cb7c61","1588.434,1535.621,76.296112"
"tneb_klara","50483e52-c1a7-4407-ae71-ea3f9918ab1f","587678eb-b645-40f6-af37-a10762e40505","0,0,0"
"utokNaNebakov_valley_deadAnimchar_2","c7550177-810a-4c00-9c48-e07c1c72d942","c67bce29-4386-4756-b904-bf22623414c8","0,0,0"
"tvez_man_19","427eb4d4-6d5f-4c71-9da9-4ab88e87a400","909f5db7-cead-424e-989d-69132a4da0a6","1084.2284,1933.9189,29.746658"
"vezniNaTroskach_tapo_soldier_53","a464ede4-060b-4ca7-a350-256796e49cd2","c196b85a-38ce-49ce-b53b-0a39cced7ca6","0,0,0"
"utokNaNebakov_valley_shooter_1","c6ef8942-2189-4900-b5df-e7fbff283abc","ea6b082f-004b-43bb-b0aa-245c6f5d09b9","0,0,0"
"bohutovaVlozka_eriksCompany_man_19","29a3e5f4-a60a-4601-8595-591874b7e22a","2188c38b-27da-425a-a0b5-c2a9383cc5aa","0,0,0"
"utokNaNebakov_valley_group8_enemy_3","a54612e7-1b64-40db-ab51-e11474563c30","298fbedc-a401-462d-8da9-b1d767d4e1c2","0,0,0"
"nebakovObrana_attackerGroupB_28","c6d358cb-fcb0-43a8-9372-4b2f570c5940","a078e1a2-df54-46c2-ad2e-73208aa38e1f","0,0,0"
"tsem_woman_11","4f8d0eca-6c2d-be6d-2e68-1e351cd79eb0","42584e8b-35f8-904e-8f2f-8c19be8bcb9f","1456.3005,1566.0493,66.09304"
"nebakovObrana_attackerGroupC_8a","0be7a50c-97c4-4058-9339-50da471bc8b0","26a4a3a0-abe1-4dc3-a8fd-1524c2740a2f","0,0,0"
"ttkc_woman_14","776e5cdb-497e-4ad8-a66d-72d7580e187b","6090e987-a139-4607-8a3d-06f446d13b01","2329.8977,2013.3068,103.87669"
"tneb_hejkalsDog","0ec72cbf-fc47-4806-b631-1e0b4b6659d3","5addd732-5a7e-4ddb-9fbe-bc5eedf167b4","2410.0291,1090.403,73.492416"
"horse[animalcare/horseCare7_b349ab28-b506-4522-b81c-dea3e8ed0e17]","c6470243-a3e8-470c-84e5-521afa1300cb","fc0e6251-b314-4398-b83f-3a66a52961ee","2317.821,2080.8181,111.1865"
"mucirna_vypaleniSemina_man_8","c61dc07c-ae54-469d-8ea3-78ce3b195698","f984c0b1-83aa-4fda-a76e-2ced6fd00cb1","0,0,0"
"ttkc_dog_3","6b37871e-c562-441b-8ef4-9268d8a78879","52a87070-1f35-44f1-8181-d51f3c3c5c40","2412.9541,2040.0096,111.75909"
"nebakovObrana_attackerGroupC_14","c607ebc8-546d-4f5f-848e-ad2a54067d71","702e2d0d-cb9a-4f49-9db3-2d51100b6600","0,0,0"
"ttac_man_10","c49b0d69-95b1-4cfe-a850-d44666d184d9","fbdd9f92-51e8-4ff1-b1b1-310534ed227b","1992.3855,2532.4783,123.23323"
"utokNaNebakov_valley_trackviewGroup2_enemy_2_rec","9931c940-a484-44f6-ae6f-816979b1ec72","637ecbca-cbc4-4c33-af36-d0b970dc4a8e","0,0,0"
"tneb_miller","4a6a71f7-9033-647c-cb25-ffd32cd2bcb3","478105c1-c6d4-990d-5c75-b22f2c7d7899","0,0,0"
"nebakovObrana_attackerGroupC_10","c4714be6-8c40-4f69-90db-c88950be1148","793c4092-a40a-4683-bbb7-ca5b5e42b8fe","0,0,0"
"nebakovObrana_attackerGroupF_8","91284e28-b000-44da-82d1-66d13f0dfdc2","42e4eb54-3391-4915-860f-35330f974c65","0,0,0"
"utokNaNebakov_valley_deadAnimchar_24","6ceebf4a-2b34-4d0c-b6a6-ad21710d185b","0eed82ca-3242-4f05-841c-10fa13e6a29f","0,0,0"
"nebakovObrana_attackerGroupC_6a","c402f1d1-c018-4738-8cfc-d41075ec69eb","140197e5-e82f-4225-8192-7078e16d6cc5","0,0,0"
"utokNaNebakov_valley_group6_friend_2","c3ec92bf-06e2-4e9d-baff-633aab16fb40","f6c04421-ba03-4519-9a33-0feefe99d59e","0,0,0"
"prepadeni_bailiffsGroupHorse_3","c2eaefbd-33d1-4316-8638-c81d821a5c4b","b12466d8-d4cd-4746-abd5-fcb18301e7e4","0,0,0"
"prepadeni_bailiffsGroupHorse_9","c29a326e-11ca-4605-a708-87d7ee880c2b","4eb952e1-68f3-44b3-af4a-839abed81a79","0,0,0"
"tzda_dog_2","6f68dad6-666e-420e-9f92-8de4cb298709","00000000-0000-0000-0000-000000000000","2027.1071,1533.6169,70.400009"
"nebakovObrana_attackerGroupD_2","b546fca2-1923-4b97-85b6-3dc88da5e877","b770d6b0-5e63-45ad-abcc-359445656a26","0,0,0"
"hledaniPsa_ignaz","0a4601f7-f1f7-432f-8c10-ebf4f8e26014","4327ab1c-5b7f-894f-0715-fde7f6787db9","0,0,0"
"utokNaNebakov_valley_deadAnimchar_37","3cabc5fa-ea9c-4347-9f45-bebc37f8c80b","7677edb0-94a1-4d7b-ba21-e217c32a5baf","0,0,0"
"utokNaNebakov_valley_trackviewGroup1_enemy_1_rec","c2822a9c-2e15-446b-a3ab-4738fe9ac8bf","361cce46-5d5e-4545-a936-3d5b9953ec9f","0,0,0"
"tzel_maid","47a3f9f1-8889-4a4c-2bad-ffd02a4a0bab","43a318be-f881-c0d5-7419-120520a666be","1717.5457,1976.488,41.25"
"tvez_woman_6","be53eafb-1e61-4032-b637-ae9b4be18a36","871ee77e-f0b4-4c73-9181-236c1a689557","1085.3616,1942.8542,29.45002"
"vezniNaTroskach_tapo_soldier_2","2de8aa3a-1b8f-4ab9-a7fc-16e2495cb396","6bf23439-bb44-4412-b746-553ceab46c55","0,0,0"
"ttro_closedCastle_trosky_1","c280a7f2-ca77-4b29-a119-b0e9538301c5","c8cccfca-6dc4-4dc3-9cd3-d350576d151a","2542.917,2618.6201,182.06081"
"nebakovObrana_beforeBattleRangedGroup_9","0b1d72c6-1cf5-4c9f-a3d3-e25eb1678a2a","6a52935e-be1a-4310-ba89-4edda8914ead","0,0,0"
"bazilisciVejce_wildDog_2","c189f528-c741-4ef9-96b7-08c447c2cd19","fbaf320f-a306-4c5f-8dc8-66f078da6c4b","0,0,0"
"utokNaNebakov_guard_8","ac9f3ee0-6064-4201-8776-4acd0ef40d0d","61d1dbe4-6bad-4fe1-a3ef-ee6dae6aa4ed","0,0,0"
"dummyWanderer_horse_9","c10db1b1-48b4-4663-9df9-4d10d7dfe116","1834d21b-f362-4079-a847-97decfe438d7","27.36907,1249.571,83.949997"
"nebakovObrana_attackerGroupF_4","003ce436-cfb4-47d1-a993-7fbfdad46558","bda8982d-3ff7-430d-8b7e-ba54ff2f3567","0,0,0"
"utokNaNebakov_valley_deadAnimchar_28","9589ed67-e5a9-4385-83b6-e6e7780dd1aa","7c9f198a-51d0-4ac2-8ce5-1fc0beb16667","0,0,0"
"tkop_man_1","bfeefc8b-2efa-4299-83c8-ee5abfd65d87","f5587d56-3305-4138-99f9-5c3b7aeca709","2388.8088,3015.3367,99.573578"
"haste_horseLateGame","9eb495e9-303d-444e-bb8a-ed38d1dbc517","5a1c31b7-68d2-4b2b-8819-7d22c2bcc7b5","0,0,0"
"rasuvUcen_dog","4a5ab8b1-9f43-a7bf-5a86-ed3cdc1a0f8f","baa1419f-c014-4e79-b1c6-0548a65e67d8","0,0,0"
"ksuc_nomadHorse_2","9e42c8e6-5f98-4260-b161-6bd89b4d534c","e125cb51-51d7-4a37-b779-139b689e205a","0,0,0"
"tneb_kozlik","bfd2bbab-2878-4453-a87b-fd2e26f1c7e0","bfd2bbab-2878-4453-a87b-fd2e26f1c7e0","0,0,0"
"prepadeni_horseVoves","4be3a396-7b54-1b09-8b1c-f1501be1dcad","4638e2bc-8a48-172e-9d1d-e32769d8c984","0,0,0"
"vezniNaTroskach_ttro_babaSoldier_1","bf7644bd-9a8e-40ed-b3b4-845520d30425","95a912e8-8902-4033-a391-271027673076","0,0,0"
"nebakovObrana_attackerGroupD_5","bf1be955-f358-4035-9aaa-bfce6ab43aa6","4f4a77f4-67a2-4594-a174-56d586e06e78","0,0,0"
"tpod_dog_2","3fd35460-ebf5-4c95-81dc-2422bdbcead5","2a2d9d8a-cd37-45c2-9e3f-8d604a8db522","1142.929,1385.392,10.66801"
"utokNaNebakov_guard_2","6666a085-5b35-437f-974f-6c1fd25d3001","aa4a423b-939b-4a56-997a-9057a1b25962","0,0,0"
"nebakovObrana_beforeBattleRangedGroup_3","2c49e6db-9925-4084-a534-69ac73fd9934","7a7cae99-7fc3-484e-84d2-be685f40f41e","0,0,0"
"vezniNaTroskach_tapo_soldier_44","9e8867f6-2e61-4a9c-9238-37b0b7c489de","8e6ed782-a1be-42dc-87b7-7ce5a48bf955","0,0,0"
"nebakovObrana_beforeBattleRangedGroup_16","bee76965-aab3-4d82-aabd-21452583de93","ee324acb-2415-4b66-9ad4-076f23a7116d","0,0,0"
"ttro_man_49","0badce10-bcec-4413-8b8e-3e3d93063404","edf22665-243e-492b-8daf-0c4a6c66bcf7","0,0,0"
"cow_static[animalcare/cowCare1_76295c82-036f-4054-9201-f3e732eb8a84]","bebd7642-fe3f-46bb-8ff2-83b8aad7847b","979a19e2-6bfe-4878-b9d1-84a20bbfd83c","2240.2793,1979.2507,100.69486"
"tsem_woman_14","4ddbe361-5d61-1954-32c2-02029d21a08d","4e507ad5-e1d3-0691-6b0f-c437cda173b6","1501.4618,1579.4274,71.771416"
"ttkc_woman_11","884ce5f6-91dd-4aed-8980-7a3620f9cbed","448ed95c-8699-4815-a1d9-dcff66d986e3","2457.5186,2024.1158,112.4463"
"tpod_man_8","bea6d97e-b934-4f7c-8d27-93a82ec71951","e0a8dbe4-9337-4566-8d19-99017f4349be","1058.3003,1247.0459,25.203068"
"tzel_woman_3","4d4c7f1b-f4d2-a3d7-8634-e9bf66717888","499b3100-8025-ece1-c741-ef13d59db783","1741.5477,1984.528,41.697376"
"animal_wolf_trosecko","be6acddf-93dc-4241-9f2f-a4cc09306840","e1579e78-de5f-4f68-ad76-e9f5f3fad485","124.9255,3833.313,86.03215"
"tneb_bibiana","726d1bad-35b9-46f2-b1ed-cc2070a4d0c8","bb702580-5ea3-4438-8ce2-632fb7b7ef83","0,0,0"
"nebakovObrana_attackerGroupC_9","be5a44b6-a894-4c6c-915d-bcda5eaff754","a340198d-bb62-4cd2-afc0-ba41426e53a1","0,0,0"
"ttro_katerina","4ee6712c-b00e-45a5-9ad6-d1083e2201b5","4ee6712c-b00e-45a5-9ad6-d1083e2201b5","0,0,0"
"ttro_man_34","4a3d0bfa-94be-a340-a6b3-ace843608d8f","44b1a3ab-8769-ffc7-f2b7-71d04d0817a2","0,0,0"
"bohutovaVlozka_horseAtMill_3","bdfa2493-ac92-487d-b21a-14d006791782","9e39b8ba-e1db-4600-b959-331de2095051","0,0,0"
"tneb_horse_10","bda22ee3-2e2c-4aa7-ad7e-f396f90bc909","95bcd2a8-70d9-41be-b488-cfe94ecdf313","1956.548,1154.48,53.87738"
"tbuk_man_3","442edd62-1ac5-24b5-742f-a6de4fcb9abc","4cdbc5af-8cc0-4e5b-5e3f-31184cd519ab","1838.9032,2956.1274,59.599995"
"hledaniPsa_dogFirstPack","bd8c0ac2-42ea-4ac5-b9bd-a7f98719a685","ff266f74-cba2-43b9-839a-fc1b8f099306","0,0,0"
"utokNaNebakov_valley_shooter_21","49aa0fbf-4273-4b32-af65-5370cee3c1d1","4e92f4be-2b1a-4435-9a56-1fb039a204e8","0,0,0"
"nebakovObrana_attackerGroupA_10","5d67585f-7313-486e-ad89-d5ca05a4805d","f4b6abbf-998f-40e0-a950-6909097698e8","0,0,0"
"dummyWanderer_horse_6","82ec9a30-db3f-493f-a51c-57e26cd87599","8f44e9e5-2b9c-4273-b74a-8582332d526c","27.36907,1249.571,83.949997"
"utokNaNebakov_feast_group2_animchar_11","bd8a1595-6e02-4582-a83a-3653607704ed","154d8b1c-d8ca-43fd-9fc4-03c12daa9c4f","0,0,0"
"ttro_horse_5","4a89ba97-a269-44a0-ba5d-23c52b8413b7","e77ffb83-0e31-462d-bf1c-105e5850de3f","0,0,0"
"bohutovaVlozka_rowdy_3","bd808715-b19e-4f58-bf1e-5aed7120337a","df95af07-5236-438a-bd4b-dbbdbc1343d1","0,0,0"
"vezniNaTroskach_tapo_soldier_39","bd394728-a098-4854-abee-04e2649b7638","84b2b9dd-ab12-4883-afe3-536a5968ceb9","0,0,0"
"tsem_man_4","4e432495-4358-d618-9021-38125eebe384","4dcf97c0-6d02-6ad0-cb07-4b5e100016bd","1614.6504,1561.6046,78.42028"
"lovVlku_secondPack_dog_4","a70217c4-1028-41c7-9b5f-a283a26eefc4","d7042820-ec29-4160-aa10-b8e6e268ff5d","0,0,0"
"tzel_dog_2","bc7f3481-1bce-449b-b1d2-4e4d75124e1d","f81a28c7-0c8a-498f-9557-899e7cf77380","1633.917,1918.27,30.64258"
"mucirna_vypaleniSemina_horse_1","63036ead-4c28-401e-8245-0e73b650a185","6154beda-855b-4b4c-be1e-5a6c568f4863","0,0,0"
"ttro_closedCastle_trosky_13","3a312bc0-e86a-4a81-95ef-5f6782d98dcc","1ededbc2-e0e5-47aa-92e9-5922ca7ed671","2542.917,2618.6201,182.06081"
"vezniNaTroskach_tapo_soldier_23","bc7ee839-8122-4910-be1c-332b1bafa1f0","3afd85c9-21a4-4943-9091-2f7d4373a4b1","0,0,0"
"pytlakPtacek_poacher_1","4dbf68f9-5ea3-b0e2-46ab-68b102c2d8a8","4e362020-b10a-1ac0-392b-cdebcc030299","0,0,0"
"vezniNaTroskach_tapo_soldier_55","bc1be8f3-48ae-4d47-ba18-0489fa91a8aa","8d5b48ce-f7c3-4692-9ade-3e0c12fdd23d","0,0,0"
"utokNaNebakov_valley_deadAnimchar_27","bc0c93d6-d5b2-4978-ac17-ab441566a0bf","96dffa5b-3070-46b5-b44e-281a6f1b9022","0,0,0"
"lovVlku_firstPack_dog_1","bb4cb93c-9020-4332-8259-ede250c0968c","a19f488a-4754-4486-bddd-f4cfb94b9d05","0,0,0"
"nebakovObrana_attackerGroupF_6","bb411eb8-9f3c-4713-98b6-08db11f3d4fd","6bb1220f-c470-4265-a213-b200e0ec75a4","0,0,0"
"tpod_bandit_4","9dd8414a-74a2-44a0-9c40-40c945bd3ded","8bb10d83-ed53-439b-8014-79c9e83ec889","1516.1143,1051.615,18.350025"
"nebakovObrana_attackerGroupF_5","baed5536-a6c7-44a5-ae5b-37f71f65ef0c","2d42156f-d366-4fc8-a84b-8c88265cc438","0,0,0"
"utokNaNebakov_valley_deadAnimchar_29","78b71917-7f32-4e7f-a2a2-d0f2339fec1c","08b6d123-1df4-47d8-805e-5fe7204d3650","0,0,0"
"ttro_dog_1","a142626c-5f01-4fa0-bc22-d98ff4db2bf1","da06a8e8-777a-45f0-a763-9d16a2cc4892","2390.272,2629.6479,200.3658"
"utokNaNebakov_valley_trackviewGroup2_friend_3_rec","bad83ae1-14e7-46bf-9013-9729257c7f93","aa859d0d-ecca-4afa-afee-85e4e50571a4","0,0,0"
"utokNaNebakov_valley_deadAnimchar_36","a7ccc2ad-2eae-4893-a567-474458b0c5f1","aa089e7f-8be3-4e3c-8db6-7e0bcadc79b0","0,0,0"
"nebakovObrana_attackerGroupD_3","3b96034e-6ecf-4e56-b652-380050abcfe6","b276068f-7653-47f1-93ed-3e33dac25ebc","0,0,0"
"tvid_dog_1","7a4216c3-335a-4a4d-8c61-df2615cab725","ee01d728-1534-48bd-81ab-503404d69dc6","933.42389,2590.728,77.792397"
"tzda_dog_3","b5461094-68b4-47f0-8b77-a665fbc318b6","00000000-0000-0000-0000-000000000000","2028.603,1518.6121,70.019859"
"vezniNaTroskach_tapo_soldier_35","18d56e9d-ba92-4fc7-9278-b0b8d0c1340a","6c6cc3d8-1205-469d-9db0-2e072670eeba","0,0,0"
"tapo_kasparBandit_1","48ce521a-81c6-47b1-a7dc-060e9a6044f9","f68d3cf8-f25f-44cd-8db7-4735250fcd33","2819.3552,2611.6243,117.43767"
"utokNaNebakov_komoriHorse","ba818fbb-74db-4c9b-b553-97092defd0e3","6ed42e9e-f709-4e89-bdba-d1579c0de842","0,0,0"
"nebakovObrana_beforeBattleMeleeGroup_20","9b6ff704-9f8d-4520-8e62-379298550ec4","00000000-0000-0000-0000-000000000000","0,0,0"
"utokNaNebakov_hankoHorse","ba2eb208-179c-4a3b-984c-e6dfaf0ee44d","01704b71-475d-45cf-8ee7-8fd0413a5031","0,0,0"
"ttac_woman_1","4c231142-ecf9-8dee-e7fd-852f47b98bbe","4da264bb-0386-91f2-4860-1dbf4476fd8e","1995.173,2489.9641,115.3274"
"nebakovObrana_attackerGroupA_ladderGuy_2","0698cdd9-daf1-40bb-9649-f1b5d33d8f2b","63702600-ce6a-4040-8a52-876ecb72933a","0,0,0"
"vezniNaTroskach_tapo_soldier_54","1c4edffe-285a-4f6e-ab53-9faceb11f22b","09ed3454-edc4-461e-a54d-2f7a4b1abc4d","0,0,0"
"tneb_kecal","2177df5b-22a5-4275-8906-b046c07b9bf8","a1c017eb-2949-4527-9903-ed809c43340d","0,0,0"
"utokNaNebakov_valley_shooter_6","b9a0c2b2-c71c-4ee8-a19a-4e417918f43e","dd5f78b0-331a-48a1-a276-4bcda2e1948f","0,0,0"
"vezniNaTroskach_tapo_soldier_52","93ab9374-5f02-4d0b-afbd-6868a0f58182","9a92e880-9542-4d16-bb06-bab6372c9cf4","0,0,0"
"tvez_man_18","4db5947f-5e0e-f227-92f8-4e2e8c09aba8","48577a1e-5c4e-b44d-d5c9-c24374cacfbb","917.17047,2001.3447,14.463313"
"utokNaNebakov_valley_group8_enemy_2","0e5e71dc-8a6f-41b8-bffe-21cfc0929d05","0cefd42f-4608-4b5b-abf3-ad4df657af0d","0,0,0"
"bohutovaVlozka_eriksCompany_man_18","b8bb9fe3-2977-4ed4-b668-5d7b2e9aee69","4e22013f-b89b-4647-8e23-c26cbb297914","0,0,0"
"tneb_kuba_dog","4877ac02-44fb-40f8-6fff-6391289708a7","2b05302b-74ed-420c-8991-8432fcb0918f","2111.126,1336.027,14.99863"
"prepadeni_bailiffsGroupSoldier_6","b8772434-cfcb-48a3-8bbc-4f456f360450","91d9e762-9f0d-48e6-afb9-b6fb22928598","0,0,0"
"ttro_closedCastle_trosky_12","32f48f7e-279a-4f07-95ae-4f79db7196c1","2acc0538-4411-4f86-9406-eb8caae44d45","2542.917,2618.6201,182.06081"
"vezniNaTroskach_tapo_soldier_22","b82979ce-d207-4db2-9183-66d0f1608c75","e4e99f43-b05c-4e9e-951a-d8518683585d","0,0,0"
"tneb_ance","4f3ec561-0a89-b680-9ae2-7bc98583b0b8","4234b689-b5e6-2766-006e-3325a40e50bf","2111.8689,1341.4496,14.903369"
"tvez_lovciPokladu_man_2","b8257cad-d9cb-40d3-b18b-6cbd9bca8714","b960ce0c-2f31-4568-a9fc-4c0072c19e52","1289.577,1978.3621,62.390572"
"nebakovObrana_attackerGroupB_9","b81ef9c1-e610-4788-b050-c6ed008a3b3f","8ef2d763-61e7-4a94-9ec4-51743ef51db0","0,0,0"
"nebakovObrana_attackerGroupC_5a","4a20f989-847d-4109-8f14-f626ad6d7fb7","8c5e572c-982b-499c-8e58-cde5f8c936c2","0,0,0"
"utokNaNebakov_valley_deadAnimchar_90","b7ba74d8-5863-4c15-b394-c76be73ad294","6ca94c64-56fb-413f-82bf-e17700f2047b","0,0,0"
"utokNaNebakov_feast_group2_animchar_7","b6ca19c3-8c27-457a-a859-124ec8a3fe4b","516ae148-28ad-4106-968e-9c8b0c28a8ce","0,0,0"
"hledaniPsa_secondPack_wolf8","656f3c2f-f7fb-45cb-8b17-2c3e91cef596","20604096-9e19-430c-89d0-d632571fb763","0,0,0"
"tvez_zizkaGuardPOI_1","b60c28da-2224-4c8b-8ab5-e745afa35477","3134b67f-db9a-4560-98dc-fa55f92c90f3","715.06458,1958.939,41.667912"
"utokNaNebakov_valley_archerBehindCarts_4","b46b9588-752f-4e8d-b6a4-f7e293d53cdc","7b9f98ce-d2ee-402e-989c-2879f807d975","0,0,0"
"utokNaNebakov_valley_deadAnimchar_83","550e9f9c-d11f-4578-8238-768f7d2a2143","42111b22-6845-4058-b292-5f479db40e8b","0,0,0"
"dummyWanderer_horse_4","b3f3068b-af0c-43d5-961a-6c82c1713f7f","cbf66ef7-8666-4e13-9204-439518baeef6","27.36907,1249.571,83.949997"
"utokNaNebakov_valley_group7_enemy_1","b3da680c-e356-479d-906e-b9375774eaef","8dfe96f5-c761-4992-916e-5d5307026038","0,0,0"
"tapo_kasparBandit_7","3f994382-3527-4796-91ea-52a31d2da148","8cb3658f-5c3b-4888-8ab7-cc2c28f4f939","2822.7075,2606.97,117.37865"
"vezniNaTroskach_tapo_soldier_33","ad59fa28-73d3-4a2e-b6ae-a3e467c61dfb","e4c38fd4-53e4-42b0-b77e-d5bc56fbd857","0,0,0"
"ttac_dog_1","b3d41527-1780-44f3-9fc3-34570712ffca","b007c026-b61f-4eb8-bbb9-a8ecdca1c355","1880.1082,2303.6511,63.89896"
"tsem_horse_1","b1090ab6-72cf-4607-8b10-a86cf90a663f","c735965b-39c4-45b4-9faf-684ab9729f10","1580.269,1510.2,73.066917"
"utokNaNebakov_valley_group6_enemy_3","ac19ddcf-fa8d-4709-bf25-9de08b925d9e","b0a9b4f5-dc27-4001-abcf-d815230f6355","0,0,0"
"vezniNaTroskach_apolenaHorse16","8e631c8a-ee92-4ded-8c07-486b77ccfe6b","98e81714-78a8-4ec4-b958-b9614318e617","0,0,0"
"dummyWanderer_horse_8","b2ede72b-2af7-4278-a558-36699fd75e58","af0b92c7-4bbc-4813-9fed-a66fc69be34d","27.36907,1249.571,83.949997"
"vezniNaTroskach_tapo_soldier_46","3e4f6bc0-3a70-44bb-929e-4b4c7b60f6ed","4344dbb7-12b8-47f2-bb20-28d0b4bb8a60","0,0,0"
"nebakovObrana_beforeBattleRangedGroup_1","b2780b4d-e1a6-4ed3-918d-703f595e2af0","c7db63ad-d3d4-46a5-b05d-ddb1ffdf4585","0,0,0"
"vezniNaTroskach_tapo_soldier_7","1b4887e3-b251-4fd4-bf83-0b2d60063cdd","05d18b58-5921-47e5-ac35-114bb43d79b9","0,0,0"
"ttro_closedCastle_trosky_4","69957a4c-12fa-4cbf-b056-61efd243e827","5cdcdd2c-2e2c-4308-9cc5-f8734c4f6bd3","2542.917,2618.6201,182.06081"
"utokNaNebakov_valley_deadAnimchar_10","b0eb3588-eee7-41ea-a4a8-6e3d8062814e","c8327da8-a849-48f3-a27a-cac6e2ce0fe6","0,0,0"
"utokNaNebakov_valley_deadAnimchar_70","af89484f-5823-41a5-8713-e9d71f70cfdd","40952745-80e2-4523-8760-41e6ba5c4780","0,0,0"
"ttac_woman_6","ad824da3-bc5b-4aa1-95a8-974844c339a4","045278c0-ce8f-4133-93cb-bfe4d8f27c79","2008.8893,2491.6582,114.77732"
"nebakovObrana_beforeBattleMeleeGroup_27","736492c2-d9b2-4a74-ba46-085cbef4da04","00000000-0000-0000-0000-000000000000","0,0,0"
"animal_roe_deer_buck","af840056-fec4-45a9-b5f2-119db62bbb96","6aba275d-cb17-4d5f-b46d-c9c2ca954aba","124.7359,3825.7939,85.999168"
"tpod_dog_3","1c2bd7eb-26ea-4b10-9620-e17e3cb852c7","61e0b904-3cc9-433c-8c5f-8614067dc8b4","1069.436,1231.256,25.4154"
"utokNaNebakov_guard_3","af1d6b81-abd0-4f6b-a079-6090cd71ad25","5d734255-9396-4ae6-a0fb-33be3cd7b36a","0,0,0"
"vezniNaTroskach_tapo_soldier_36","a69b63cc-db14-4a11-b673-6d0fab8e3b54","c1b657a5-64f7-4a16-95ff-71897c1425d1","0,0,0"
"ttac_dog_4","aebef954-2b57-474d-9b63-3e217c2756f8","a54a3ea0-2fec-4770-8269-1aedd3b2d85a","2003.231,2486.3921,115.2673"
"tapo_kasparBandit_2","48cdc5dd-8d27-424d-86f8-2173d541e33e","72265cd6-8c3e-495a-ad16-599b429a2a9a","2775.5532,2667.8711,121.30419"
"socky_coachman","89581f1a-f90b-47d7-895f-ff3e9328f0ef","bd147642-0863-4016-a22d-c81c7934dbf1","0,0,0"
"ttro_man_12","47938c88-5c13-677b-4998-d3ef7a58939d","469cd38d-dd8d-be17-5319-8986eabd2292","0,0,0"
"nebakovObrana_attackerGroupC_2","ae167e85-b815-450d-b495-9d5a8fbf3658","21802628-fcb0-45ef-9717-f7ec3a0afab2","0,0,0"
"mucirna_vypaleniSemina_man_6","ad552e02-6bb2-4071-9671-3e2e72ccac19","d8384c03-2ea7-4f11-9b3f-cc31bb1b1b57","0,0,0"
"prepadeni_banditWithTorch_2","a099e0c0-0f19-4b1d-9f8b-333a881df10a","44cc1f96-936f-441e-9dce-7930cbe64d6e","0,0,0"
"vezniNaTroskach_tapo_soldier_12","ad2ffc1b-0c50-46f2-a44b-28692f22d267","87a9387b-d117-433d-91c1-2b25a4a97628","0,0,0"
"cow_static[animalcare/cowCare3_1d09b7a5-863e-4857-bdc0-6ade187aea48]","ac9e754f-af87-402a-90d1-71bebbe6253c","979a19e2-6bfe-4878-b9d1-84a20bbfd83c","2234.8452,1981.4366,100.69486"
"ttro_man_70","9bb4d7ad-c18b-4ed2-9e4e-0ad090e22af1","070049fa-81e4-4eca-8a0e-424194f7d0ca","0,0,0"
"nebakovObrana_attackerGroupB_14","50a2b36a-e25a-4783-86ce-45ad269df6e1","6b51bb39-446f-47c2-abf3-eee453e4a41b","0,0,0"
"utokNaNebakov_valley_shooter_11","ac2e4d6c-a615-478d-abc1-bf5d2da9760b","b950188b-3827-4fd6-ac02-c00c69df02be","0,0,0"
"nebakovObrana_freeRanger_4","abf56652-1a94-45ac-ae2d-fa4fd101e873","ad0aefc2-518b-4329-8848-615eea6c8afc","0,0,0"
"ttac_man_5","4bd9408b-553f-c017-7bee-abafb775cdbe","46e227a3-466c-bce5-4e13-1bd8d1ccc78e","2004.512,2532.6492,119.7746"
"utokNaNebakov_valley_trackviewGroup2_enemy_4_rec","abe21ca4-3bc6-43d6-b620-91d72fc34ad1","20d14d13-7816-4902-b14b-2e0f863f37ec","0,0,0"
"ttro_man_48","aba25a18-facb-4c34-b272-bc8b34b41260","b9685bd7-49a0-4b4d-b490-a90dbf529369","0,0,0"
"utokNaNebakov_valley_group1_friend_1","95dafff5-2401-45bc-91ee-dc21a543d81f","def38e48-4468-4aa2-96e5-31a08cdb4236","0,0,0"
"dummyWanderer_horse_3","aa9dfc6e-b136-478a-8360-ba8227285da7","c0852076-1b04-49f7-9981-c37504b86db3","27.36907,1249.571,83.949997"
"utokNaNebakov_feast_group2_animchar_14","9f9bd1c5-4eba-422f-843b-89419ad5330d","954074e6-6ead-417c-a341-022d00e6c51a","0,0,0"
"vezniNaTroskach_tapo_soldier_5","9456d9e9-e839-4bbb-a187-9094a6b8ebe5","ee71cac1-ca7b-46af-afee-94cc37fa0d2b","0,0,0"
"ttro_closedCastle_trosky_6","7a070acf-775a-4314-946d-ad9dfc73655d","ba56ffb8-493d-4545-9dcb-9c81b1fc2fc9","2542.917,2618.6201,182.06081"
"utokNaNebakov_valley_deadAnimchar_12","aa271fec-39c4-4963-a3a8-4e1887639b39","3a455908-9dff-4978-bc8c-1c3241aebf5c","0,0,0"
"vezniNaTroskach_tapo_soldier_37","a950d37d-081e-44a5-b7fa-393254d10e87","6045a58f-4b6b-4ecb-b275-c014d74d2867","0,0,0"
"tapo_kasparBandit_3","4dcf37d4-5b72-49b4-a65b-8731e0f6853a","a5ce0f0d-de81-4722-a782-ca7a050a6118","2817.5371,2587.3142,116.61458"
"utokNaNebakov_guard_7","5ee39239-cf99-4396-b940-43d9794f0664","f0a63133-ec35-434c-a04d-67cb3c4768ab","0,0,0"
"vezniNaTroskach_tapo_soldier_41","32978c20-46a6-45c7-8127-461893246e6d","3667be98-01aa-44e1-9097-eeb282b3c099","0,0,0"
"nebakovObrana_beforeBattleRangedGroup_6","a8fd0e0f-a2bd-4b8f-b151-5c0bc097725e","941ea65b-a5f2-4da0-83ee-734a79f3de0f","0,0,0"
"dummyWanderer_horse_10","756b26a4-abea-4468-9f89-8b3147c2d087","39bb386d-f3ca-4347-b891-2e588f6682cb","27.36907,1249.571,83.949997"
"tzda_woman_1","4a927dde-44b1-2b06-5cf9-e69cbcd490bd","450fc04c-4a9d-a6c9-0af0-dc60678c39a9","2434.3857,1728.3405,89.463463"
"nebakovObrana_freeRanger_2","a8dd372b-6933-4275-bd12-bb938de8c3c6","7713259e-5308-4da8-bd89-7deb5324104e","0,0,0"
"tvid_man_3","4518ea60-388a-5535-8212-32f07c64659b","48ea5c5c-fcbb-6a90-be4d-8b7f7ad6a4ac","929.66309,2587.6208,77.898674"
"ttro_man_18","4a798062-e76c-e501-d709-82a752853c84","4498e7ac-e4f5-034a-e55a-6e1f0710a3ad","0,0,0"
"tvez_chramosta","47a9d64f-b987-6c22-1163-29b9a53db4a1","462b2176-83ba-d089-dec8-a9f838915b9e","1034.6222,1870.0477,30.319439"
"nebakovObrana_attackerGroupC_8","a8d81110-b006-4b37-bbb4-772b7502efda","3bf2580b-e989-452a-bca4-246ee78b5042","0,0,0"
"tpod_man_9","a8bdc126-d17f-48a5-9550-a78a4946af5e","42fc341c-c2c7-4c87-9588-8891daed4a62","1019.05,1287.025,35.70845"
"bohutovaVlozka_bandit_8","a89461b9-3699-486d-8280-ce6d84f293d9","578c1df1-66b7-44aa-9c0a-22ecaf5b8597","0,0,0"
"utokNaNebakov_valley_deadAnimchar_86","a6a866f3-edfe-4a95-9792-04234761d784","65f13fc3-59ea-41bc-9aaf-3cd8f3d37188","0,0,0"
"utokNaNebakov_valley_archerBehindCarts_1","a838c95b-40b3-4bf7-a83d-16913c56c7a9","b736af6d-f5ff-495e-9ac4-0cdd973a42b4","0,0,0"
"tzda_woman_3","4132392b-5371-adbb-fbac-d537fec5e8ad","4d68b874-3197-ed05-058c-844048becaba","2041.9966,1520.2056,70.116501"
"prepadeni_banditArcherOnHill","a7e6645f-4e2e-4c6c-8873-6cf0deee6af8","207e2763-5520-4524-9eea-e0f66a8a15d1","0,0,0"
"zbranePanaSemina_moravak_4","a7c38b35-c485-43ab-af43-02b8a4898274","1091ffe1-23df-4878-abca-6359fd9a09b9","0,0,0"
"ttkc_prasta","4bb02099-e3ec-d55a-1ef9-27cbfbbc12b8","49613399-1d12-88da-430f-bee7ff37da85","2449.6421,1928.762,102.4385"
"animal_cattle_bull","a7966b1c-39c3-475d-b7ca-8c3d196c0f72","34ff3a75-2185-4ee6-ab03-6cef2ed8279f","133.07919,3826.7661,86.091293"
"prepadeni_bandit_2","4d094502-004a-4a09-8d9d-be44d124c04b","ad8badea-6e53-49c2-bee0-ace1c3dd73f4","0,0,0"
"tbuk_man_1","43ac96f6-34a5-491c-1a9e-554a95bde89b","4785bfd4-e3c0-d465-7ffc-dba1c0704f93","1850.0371,2971.1218,60.403419"
"utokNaNebakov_valley_shooter_23","a717ec4a-74ef-41a9-9af3-83d835553eb8","81c9ddb3-72e7-4f30-b57a-c1d342d32ce5","0,0,0"
"utokNaNebakov_valley_shooter_4","2ce4abf2-d498-460f-8d75-ad8135f13797","36f3bd4b-70aa-4db8-9247-bf509429bdda","0,0,0"
"vezniNaTroskach_tapo_soldier_56","a6fbed24-51cd-44de-9370-5ba626f33006","ae04706c-2416-4ad3-aeac-8e4be0ed04eb","0,0,0"
"ksuc_nomad","0ee7fce1-98c2-4c16-b478-00df2657b5a7","0ee7fce1-98c2-4c16-b478-00df2657b5a7","0,0,0"
"ttro_horse_8","a5b6b145-fc2c-4159-9659-3721d4b873c0","b6e46aed-bd04-497a-8a93-affe566a95c9","0,0,0"
"ttro_woman_14","a4212e87-acd8-4331-85a7-1d0146972009","db0d1d1c-cddc-45d0-a18a-ddf9ed5a7dad","0,0,0"
"ttkc_dog_5","482b8547-0ae1-462b-a3e4-540302039517","42eea1c3-432e-453e-98fb-8fd492203710","2449.634,2015.5121,112.63773"
"nebakovObrana_attackerGroupC_12","a3b6eff2-5ca6-4f47-bf76-b61224af578f","eb19fffa-be6f-477e-97ad-f6cb79f92570","0,0,0"
"vezniNaTroskach_tapo_soldier_38","a389c5be-2e52-45d9-a239-4cfc0e70b9cc","12a45462-baa7-4056-9861-2ffded099917","0,0,0"
"tapo_dog_1","2deaae1a-a8ec-4a1a-9885-bbbfb19f16c8","c16da5cf-3a03-417b-90b9-5a6c4ebdb853","2815.717,2056.6379,112.9862"
"ttro_man_39","968a59fb-57c3-4695-a618-0faf101cfa89","30a723d4-3cd1-424a-bede-80dec9d9d82f","0,0,0"
"rasuvUcen_mountedPatrol_horse_1","a2df5c53-f2f1-4d9f-a824-4abdf83996c3","cb9604b7-4ea9-46a1-8103-608bffc0feb3","0,0,0"
"utokNaNebakov_valley_deadAnimchar_68","6abe3666-2564-4bc7-89c3-10196d5e2557","6904228d-0fa5-4d0f-823a-da67a2917321","0,0,0"
"ttkc_man_21","a1c11221-3fe9-42f6-8540-4d18606fc7c0","4b6c199b-bd9a-4965-969c-1161c2718597","2309.9946,2069.1526,113.7077"
"utokNaNebakov_valley_deadAnimchar_4","a13051fb-b8a4-4146-8111-8bf53056b8b2","88bdd991-b464-4222-8fa1-d464e290d0a4","0,0,0"
"tneb_horse_11","9fb4dd83-cd1d-411c-b2e5-aacc80fc790a","8a530596-e335-4063-9073-eec60b75f9e9","1946.6649,1155.8741,53.25539"
"ttro_man_57","91deeb48-d1f0-45fb-bf40-3f1304c117d1","498745e3-da61-4ec8-929e-22ac381b7896","2404.1941,2482.709,170.93851"
"hledaniPsa_firstPack_wolf1","95128d20-91a7-488c-ab4c-aa78be8d6a10","4b8526ef-65af-472a-8f5f-e2e2b8392a86","0,0,0"
"animal_boar","84e0b635-70e6-4a8b-8f91-acc886a7a394","9988bac0-35be-4e4c-b1af-2fc16c4168c2","135.399,3832.175,86.100021"
"ttro_jitka","9e57c996-f703-4b8c-b964-8aeb7e84e663","dbddda67-12e4-40d4-9ffa-7bd8172bb586","0,0,0"
"ttac_manka","4a0d5316-09d1-53f9-12e6-ea1d2f62ac96","47860a6e-ef3a-a421-17c6-fa2102bf8b9b","2027.5833,2529.937,119.98927"
"tkrc_nezahrabaneMrtvolyWolf_1","9db19e44-b471-4108-8053-160f44435b0b","105fb9c9-b575-40d2-8edd-75006cc4ca82","1081.7371,2246.6279,39.42812"
"ttkc_jakes","4f4664ee-9ae5-9ca1-c8f3-27f8fc8dd8bd","4d4699ef-fa37-de5a-20b4-6fc947fc7585","2302.0645,1959.0531,98.691475"
"nebakovObrana_attackerGroupF_2","9d94dfe8-85f8-4019-a34c-3c1c9b61a90b","9a6d7831-c3c0-4be0-94b4-db1368fa4f25","0,0,0"
"tneb_man_27","9d4747ac-acc3-40be-a73a-e4e703c79d47","c5cb5aad-c749-4fd8-ad93-7d1e57d288a8","1939.66,1176.3008,51.928967"
"tneb_kuba","4b2f48a5-2f8d-d376-19d4-6609a7e913a7","41684b98-1e73-79fa-0e75-74907775f6b5","2124.0491,1314.71,18.40344"
"tvez_bibrek","441d09ad-490c-8229-1e72-3adbe348a288","4bc10425-171d-37c4-4c5b-610024423fba","1018.0443,1864.9479,30.230402"
"bohutovaVlozka_deadman_8","9d158926-19ee-403d-bec0-70cc8bf49116","cb6cdb93-2963-4b5a-a409-b6736aea21f1","0,0,0"
"tneb_man_31","4fc83dd2-86de-416d-b729-48e996a38c80","ec1d497f-458c-429f-97ce-895696837933","2147.281,1704.3417,59.564785"
"utokNaNebakov_valley_group5_enemy_1","9d0eaf6b-1e61-4be6-a8b8-75b7fdda39e3","54a9e8a9-75b3-4235-a6ed-73dd783cedda","0,0,0"
"ttro_man_15","4c49649c-d32c-3340-65cc-6419166532b1","4a0e638f-9cb8-d2cc-0fce-d4be682de2a4","0,0,0"
"nebakovObrana_attackerGroupC_5","9d0389fa-0055-4ef8-8158-952fb9834608","c8ff82c5-b679-42bd-8f47-af4fa6e29ef1","0,0,0"
"ttkc_woman_13","9b6e764f-d190-4228-b54f-f9733ae59f61","fa6e1ed0-938d-45dd-91c7-c57847c12e48","2382.5962,2044.0753,109.82767"
"haste_horseEarlyGame","90ba5ab7-68d0-4859-925b-6ab740429a03","1f8e6bfb-fbff-494f-8bf8-a37bb75c12d0","0,0,0"
"animal_roe_deer_hind","9b27faf5-f0d6-46e8-8cb0-b515b001e324","44568aec-c7f1-44af-a154-ac832ff7c1c7","134.57919,3829.311,85.923012"
"tvez_horse_2","99f1ea5a-35e1-491c-ad8a-6d2d3e555cfa","2f91a84b-36ac-4980-8343-90f9634004e2","1024.686,1866.999,30.76013"
"ttro_panna","4bb00245-b3f1-cffb-b176-9647b3c307a9","463df03e-7d00-551e-9ffa-cc55f05ebbb4","0,0,0"
"prepadeni_bandit_6","916cc800-29f3-4287-ab21-28fa8afe8b6b","23bb6a94-5d00-4936-8345-e9243b60ffdf","0,0,0"
"prepadeni_bailiffsGroupHorse_4","978f1a4b-9fbe-42fa-887b-47f1d4e8061b","a0546ca5-5cc0-45ab-8822-fdbf5f74ef26","0,0,0"
"tneb_man_29","968e7395-d796-4d85-86b7-ad4832b4ef1a","9f5fcf3f-cfe7-41f4-996e-2b1c0fe25467","2191.7197,1330.3218,49.984592"
"utokNaNebakov_valley_deadAnimchar_67","95f0ceff-8dcf-4660-872a-03d011b74b71","ff1d74e6-7375-4f51-8a86-4ee14ddecb9c","0,0,0"
"ttkc_man_6","4d000402-aeb6-3292-b054-1d4d5389cfa1","4fb10fe9-4134-6f7c-6339-3c2fb2212fad","2358.4297,1953.6637,95.95192"
"tsem_sukHorse","95e6fcb6-4d27-467a-b799-c1aed0166fba","08cf11e6-1786-43f1-84bc-17f9084c912e","0,0,0"
"tneb_zizkaHorse","79d4ce5a-4b77-4109-b963-fedb41730717","4dff075b-4097-45bd-8f07-e152e6cd0621","0,0,0"
"utokNaNebakov_valley_deadAnimchar_87","947acf3b-40bb-4068-9063-ebfe7f0fb31c","0f200444-5f4a-4313-ad2e-8636a5b8c889","0,0,0"
"tkop_vrahBandit_3","933333e3-c2d8-4358-804a-eb054bd39fa9","ce548f6b-c280-420d-ad8d-a3c216b470a8","2712.8081,2767.1279,128.4619"
"bohutovaVlozka_deadman_7","92f2ef44-1b38-44a2-a5a9-b1df66cee743","309e0aa6-1f6b-4f62-86d1-75d04a7f8d91","0,0,0"
"kocovnickaCest_wolf_2","92c3c7ca-12b2-4a46-bdda-2860362f29cd","600094a9-cbae-4c19-a597-57474a1e3d44","0,0,0"
"nebakovObrana_freeRanger_1","913a80ea-b171-4b85-b1f8-678bc99e4e83","71babcf1-a626-442c-85d1-48dc83705ce2","0,0,0"
"ttro_bergov","4be25533-2725-37f7-b9fe-0b9df3f851ba","4be25533-2725-37f7-b9fe-0b9df3f851ba","0,0,0"
"cow_static[AnimalCare.cowCare2_86484ccd-1673-4d84-8ecb-c8f779264dea]","90ffc586-81c9-4e58-9508-4bf34b973b29","979a19e2-6bfe-4878-b9d1-84a20bbfd83c","2454.561,2027.661,112.6"
"bohutovaVlozka_bandit_3","907d69f4-d837-4308-9411-a16e04353c0b","11c514e3-1c7c-40de-8011-318192937d41","0,0,0"
"tneb_horse_13","901a39b4-f861-4a41-8847-8818d22071d3","15d2a91c-f952-47a1-9575-2b6afb5019cb","1939.762,1200.293,51.56514"
"tsem_man_20","4163bd6b-6769-03fb-d7c4-69f6f4e6ccab","46bddf6a-b5e6-75ea-c278-97d5b9dcd1ae","1445.1798,1576.6481,66.468208"
"zbranePanaSemina_moravak_3","8f672de0-0f69-4f7b-a049-31008351bcd4","109a2a1e-bc28-45df-abfe-f8eefdbd8a80","0,0,0"
"bohutovaVlozka_bandit_7","8ea0aafb-6dc7-4459-bad0-1bee2ddc001a","8ee2d64c-d31c-43a7-b17a-d12ad5d5d3a4","0,0,0"
"utokNaNebakov_feast_group1_animchar_1_rec","8e7c9371-4c66-4f9a-bc5e-6dc5f216cc15","a2b9b66a-19f7-4b82-ae20-9f01ddcbce70","0,0,0"
"ttro_man_56","5be7f8a4-fd7b-497a-90d4-9127228b3915","1f043dfb-6206-4312-b791-1ffbeacfd7c8","0,0,0"
"tpod_horse_4","8e69325e-537d-44cc-9e41-d0a5a3e0ca10","36944f02-71d5-4d28-a735-6e63b96ef30d","1128.7925,1361.146,12.275524"
"tzel_rowdy_1","43216305-8280-92cb-d833-954a53ef3093","4e81e146-75cd-3c12-5e25-30dc13b5559e","1536.757,2240.429,15.527869"
"ttro_man_13","49e4b181-5c80-81f4-6cba-e6bc2c8a87b8","4c021359-e8fe-3b73-3f51-7e34347f6e90","0,0,0"
"nebakovObrana_attackerGroupC_3","8e1ae1e4-b806-4c44-b2a3-5aede331d678","118d63f8-f7f0-42e4-af32-7c7a0301716e","0,0,0"
"nebakovObrana_beforeBattleMeleeGroup_1","8c073b6b-7ad8-4054-92dc-f33ce30795d1","00000000-0000-0000-0000-000000000000","0,0,0"
"poustevnik_arn","8bebbb18-20a4-485a-8d42-16cd440920a3","daf5dccd-7c3a-4dea-8ea5-5724bd30381c","0,0,0"
"nebakovObrana_freeRanger_3","5f7e0771-2c2f-4b0e-a15c-9ab69f781ab8","7c76b172-2b12-4d6e-b60b-174886f676aa","0,0,0"
